gc	1
prigaux	2
fred	3
quintela	4
jgarzik	5
penso	6
leviramsey	7
havardk	8
sh	9
zappy	10
ollesson	11
sander	12
caolan	13
samth	14
SteveMallett	15
duff	16
MikeCamel	17
mwk	18
mobius	19
mbrubeck	20
tod	21
rasmus	22
mrcsparker	23
jeje	24
sheath	25
dwaite	26
Erbo	27
pgmillard	28
jeremie	29
miguel	30
temas	31
DizzyD	32
eliot	33
julian	34
fingolfin	35
yiran	36
DaveGoehrig	37
agntdrake	38
tripix	39
beppu	40
Astinus	41
halcy0n	42
timriker	43
davej	44
lkcl	45
alan	46
zulcss	47
itamar	48
ping	49
MJ	50
faassen	51
shalabh	52
moshez	53
Shenka	54
butchland	55
ppetru	56
ChrisMcDonough	57
hathawsh	58
stevea	59
hugues	60
michel	61
chalst	62
robla	63
eli7	64
mbp	65
spiv	66
glyph	67
jml	68
z3p	69
carmstro	70
washort	71
Artimage	72
sjogren	73
calderone	74
etrepum	75
xxant	76
myamin787	77
stevetaylor	78
winter	79
ladypine	80
Ausmosis	81
sulaiman	82
gbowland	83
doogie	84
ghaering	85
netgod	86
jules	87
crj	88
Waldo	89
shaleh	90
seeS	91
schoen	92
sad	93
RyanMuldoon	94
Ryan	95
rw2	96
ruud	97
rupert	98
rtmfd	99
afayolle	100
Daryll	101
darkewolf	102
csm	103
crackmonkey	104
cmc	105
bma	106
bjf	107
benno	108
azz	109
asmodai	110
angelsun	111
andrei	112
ajv	113
salvadorfb	114
CharlyBrown	115
gwolf	116
dennyliao	117
ssb	118
lukeh	119
AndreyGolub	120
advogato	121
markonen	122
kalowsky	123
slamb	124
haruspex	125
rms	126
novelli	127
karlberry	128
timbl	129
piledriver	130
randu	131
irb	132
elgreen	133
csg	134
ksb	135
ab	136
softweyr	137
petef	138
crt0	139
schultmc	140
pretzelgod	141
branden	142
swilde	143
bernhard	144
jan	145
coorman	146
ber	147
Fefe	148
johnmc	149
kapplegate	150
netsaint	151
VUGO	152
pom	153
pliant	154
huberttonneau	155
hf	156
fxn	157
oka	158
eel	159
athomas	160
minou	161
abraham	162
gord	163
Drue	164
Bram	165
splork	166
Zooko	167
orasis	168
AlthA	169
macdome	170
Darin	171
mjs	172
lypanov	173
andersca	174
esr	175
bengoodger	176
kevinvv	177
landonf	178
felipe	179
Wolf	180
niceguyeddie	181
Rabbitt	182
easino	183
Payne	184
izham	185
zeenix	186
nutella	187
zhaoway	188
mx	189
iand	190
jmason	191
mallum	192
simonstl	193
aaronsw	194
zbir	195
mml	196
cdent	197
squiggy	198
suso	199
ahosey	200
esinclai	201
cannam	202
eknuth	203
jjw	204
jlf	205
bmastenbrook	206
crhodes	207
water	208
dan	209
wnewman	210
tbmoore	211
Leimy	212
pfdietz	213
nymia	214
kroah	215
govert	216
cyrus	217
Frostola	218
Gregoyle	219
Rika	220
infodragon	221
jleader	222
larke	223
jameson	224
miniver	225
volsung	226
matt	227
Malkuse	228
pemdas	229
tetron	230
Blacky	231
nixnut	232
const	233
hypatia	234
jonathon	235
maphew	236
sergent	237
pedro	238
pnkfelix	239
apgarcia	240
zachlipton	241
jono	242
renster	243
nipper	244
GJF	245
ebizo	246
extremely	247
wwwwolf	248
matman	249
ravskel	250
Johnath	251
orlando	252
mattk	253
backtick	254
mikeszcz	255
wen	256
JoshO	257
dirtyrat	258
semaj	259
fxtech	260
mirwin	261
sune	262
maelstorm	263
slide	264
sej	265
kailden	266
tschwall	267
echuck	268
tripp	269
gtalvola	270
uweo	271
mengel	272
lars	273
jtauber	274
montdidier	275
Svartalf	276
Stab	277
hackle	278
djs	279
jasper	280
valen	281
gstein	282
Toby	283
bjn	284
chuck	285
jwz	286
parise	287
jpc	288
dannyobrien	289
imp	290
avi	291
lukem	292
seek3r	293
rohee	294
dnm	295
dugsong	296
bagder	297
NetHunter	298
jwing	299
ssheth	300
timp	301
spong	302
blizzard	303
msw	304
johnsonm	305
Adrian	306
bero	307
harald	308
jacobsan	309
ewan	310
AArthur	311
cam	312
riaan	313
prw	314
vlastyn	315
Bryce	316
phaedrus	317
willy	318
Maltranar	319
nwv	320
xealon	321
khazad	322
xach	323
tigert	324
neo	325
yosh	326
octobrx	327
raph	328
BrucePerens	329
rjones	330
amk	331
effbot	332
fdrake	333
jhermann	334
mwh	335
ShredWheat	336
4am	337
avix	338
jhyde	339
nata	340
lantern	341
olle	342
radel	343
jimmac	344
garrett	345
hadess	346
keltor	347
alex	348
jamesh	349
ramiro	350
pavlov	351
shaver	352
davem	353
maugrim	354
aigeek	355
lucas	356
Kay	357
DarkBlack	358
jmbarry	359
PhOeNiX	360
Judith	361
TheCorruptor	362
bolsh	363
kai	364
ryanc	365
choncho101	366
feldmark	367
milk	368
jflemer	369
mcg	370
asdgray	371
hominforinvestm	372
AntonA	373
mdekkers	374
todd	375
footrot	376
will	377
Dionys	378
josh	379
renata	380
Toskinha	381
seth	382
smiha	383
Lionfire	384
kuro5hin	385
toysruss	386
Inoshiro	387
paci	388
sama	389
ciro	390
cgabriel	391
panta	392
eugenia	393
mperry	394
AdeL	395
decouto	396
Penix	397
seanegan	398
chipx86	399
robilad	400
lrargerich	401
ClimbNorth	402
cTaylor	403
BattleCat	404
jpick	405
mrsbrisby	406
walpuski	407
banram	408
mutiny	409
satai	410
crahen	411
whenning	412
statbanana	413
gnutizen	414
cthrall	415
RhysJones	416
miah	417
mascot	418
Mondragon	419
MichaelCardenas	420
allanf	421
donscarletti	422
steinm	423
sascha	424
thies	425
zeev	426
kris	427
marcelo	428
acme	429
ralsina	430
riel	431
bcrl	432
alanr	433
zab	434
prumpf	435
jes	436
lmb	437
Telsa	438
chbm	439
rmk	440
dwmw2	441
morcego	442
seklos	443
roguemtl	444
axboe	445
ivan	446
lowcrash	447
mart	448
bradfitz	449
evan	450
dormando	451
revjim	452
starzz	453
Ender	454
china	455
gjuyn	456
rillian	457
g2boojum	458
kingja85	459
Archit	460
mglazer	461
brian	462
Tofu	463
thepug	464
nogbogfrog	465
stric	466
jonas	467
notzed	468
dyork	469
zach	470
jaz147	471
dmz	472
JZig	473
stargazer	474
fra	475
tdat	476
yelvington	477
danny	478
LazyJones	479
jeremyw	480
listen	481
mrw	482
sxw	483
wildmage	484
automaton	485
dwheeler	486
adduncan	487
billlyjoeray	488
djweis	489
verbal	490
tim	491
jdub	492
abw	493
nettrom	494
pawal	495
sabren	496
wainstead	497
gregorsamsa	498
Surfr	499
HiroProtagonist	500
rakholh	501
adamsc	502
ali	503
gallen	504
jra	505
hpa	506
chroma	507
leon	508
jda	509
nny	510
jrb	511
rbrady	512
malcolm	513
gilbertt	514
harinath	515
Rhys	516
rossigee	517
neale	518
i0lanthe	519
cronosII	520
johnmeacham	521
walters	522
gleblanc	523
MikeGTN	524
jfleck	525
pfh	526
charlie	527
voltron	528
UnNamed	529
Wilddev	530
nzkoz	531
gdvieira	532
misa	533
pop	534
garett	535
mdz	536
ts	537
ahvezda	538
geekd	539
sab39	540
mrbook	541
taw	542
syngin	543
salemioche	544
calum	545
naba	546
drake	547
jtjm	548
val	549
skh	550
katie	551
follower	552
dgh	553
techt	554
xiphmont	555
kahlage	556
flomo855	557
mwimer	558
whois	559
Acki	560
gert	561
rse	562
thrase	563
jamesm	564
elj	565
abeferlman	566
ldss	567
ashley	568
Uruk	569
pehranderson	570
billionaire	571
benadida	572
superpete	573
bribass	574
jfrisby	575
cdegroot	576
DV	577
claudio	578
manu	579
welisc	580
adubey	581
jLoki	582
chakie	583
lilo	584
timcw	585
jbowman	586
mishan	587
thom	588
dchapes	589
pelleb	590
krftkndl	591
futility	592
jao	593
wardv	594
drc	595
alexr	596
lerdsuwa	597
highgeek	598
Ilan	599
NuniaBiz	600
gt3	601
opticnoise	602
stevej	603
neurogato	604
ringbark	605
MartBrooks	606
uleonhardt	607
wow	608
jmoore	609
ncm	610
slm	611
Miod	612
gary	613
cmiller	614
sjanes71	615
djur	616
amars	617
ruda	618
minami	619
RossBurton	620
aleksey	621
slok	622
LotR	623
edd	624
salmoni	625
Judas	626
vdv	627
msa	628
connolly	629
bgeiger	630
Phoon	631
mulix	632
aleix	633
richdawe	634
Mort666	635
tclark	636
jhylton	637
Iain	638
wli	639
jimjag	640
TordJ	641
werner	642
kojima	643
bkuhn	644
clahey	645
Guillaume	646
jkh	647
jgg	648
jg	649
jenglish	650
elise	651
eivind	652
behdad	653
Anthony	654
jonb	655
knghtbrd	656
topher	657
chromatic	658
nik	659
jameskay	660
Scotbuff	661
jarcas	662
rubiojr	663
arukala	664
amunix	665
mael	666
jfoster	667
Aiken	668
blume	669
danwang	670
macana	671
jjamor	672
olea	673
jfs	674
danguer	675
malon	676
strlen	677
strider	678
SIrabbi	679
sand	680
asuffield	681
alfons	682
ariya	683
mahadir	684
sharyanto	685
markandre	686
racergirl101	687
yakob	688
bmclain	689
richardted	690
sika	691
fhars	692
FrenchTouch	693
sussman	694
jimb	695
kfogel	696
fitz	697
lefty	698
dorward	699
abram	700
apenwarr	701
privard	702
zeevon	703
Janus	704
kmcmartin	705
eopadoan	706
rootsh	707
Akira	708
ebassi	709
Ward	710
hub	711
gman	712
natfriedman	713
Fyodor	714
mjg59	715
mako	716
rml	717
Jordi	718
federico	719
niemeyer	720
lucasr	721
Senra	722
avassalotti	723
ianb	724
brain	725
GabrielOPadoan	726
pvanhoof	727
jdahlin	728
dalke	729
hussaibi	730
bibus	731
nsh	732
brianmckeever	733
CentralScrutinizer	734
martin	735
joey	736
graydon	737
dhd	738
wichert	739
omnic	740
espy	741
couvares	742
argent	743
Zonker	744
tsavage	745
grog	746
phk	747
msmith	748
peter	749
jimd	750
hacker	751
skinhead	752
jmecham	753
daddyreno	754
jchen	755
danielsan	756
Mulad	757
dieman	758
gnuchris	759
rachel	760
gigamatt	761
robey	762
scameron	763
wsanchez	764
Blackthorn	765
niksilver	766
CryoBob	767
mchirico	768
anirban	769
jimw	770
defiance	771
derupe	772
johnnyb	773
cinamod	774
Grit	775
MichaelCrawford	776
sashako	777
marnanel	778
wingo	779
Uraeus	780
robogato	781
dag	782
jeremy	783
Skud	784
rkrishnan	785
cjwatson	786
greve	787
atai	788
srivasta	789
psg	790
mathieu	791
ajt	792
sdodji	793
vivekv	794
logic	795
achitnis	796
ole	797
dpatel	798
sri	799
RobinS	800
davidw	801
etbe	802
scjody	803
bratsche	804
ianmacd	805
Cardinal	806
fejj	807
arvind	808
dalinian	809
nullity	810
roshan	811
Chicago	812
tromey	813
Deepa	814
jaldhar	815
lightmonk	816
dooykung	817
aafuss	818
DeepNorth	819
RichardA	820
DNAGuy	821
ian	822
robota	823
pretender	824
kaig	825
wmperry	826
jsh	827
afruss	828
Radagast	829
murrayc	830
whatever	831
jrami	832
nick	833
calc	834
tausq	835
jwalther	836
Joy	837
brian252	838
zakk	839
crudman	840
ErikLevy	841
trebinor	842
katzj	843
spot	844
icemonk	845
superant	846
linux365	847
autarch	848
Spoon	849
petdance	850
IlyaM	851
merlyn	852
lalo	853
gjbadros	854
bcollins	855
JHM	856
Satan	857
scandal	858
bdale	859
God	860
efge	861
fraggle	862
claviola	863
purcell	864
ev	865
abom	866
po8	867
kimptoc	868
latchkey	869
daveb	870
suds	871
rstevens	872
rdl	873
kogel	874
shaman33	875
mikl	876
jpayne	877
scromp	878
tobi	879
ingvar	880
jmm	881
jlbec	882
Simon	883
dantrevino	884
pusakat	885
jennv	886
dancer	887
goingware	888
TypeRite	889
bytesplit	890
fallenlord	891
dobey	892
dmerrill	893
sachac	894
enigma	895
analogue	896
pcolijn	897
wlach	898
JoeNotCharles	899
saul	900
andrewmp	901
dcoombs	902
ppatters	903
pphaneuf	904
sfllaw	905
barf	906
mbit	907
Daneel	908
ttonino	909
rlk	910
fair	911
yakk	912
Arlo	913
barryp	914
eskil	915
jef	916
abg	917
Ankh	918
criswell	919
klevin	920
aftyde	921
async	922
olandgren	923
aero6dof	924
ion	925
ak	926
remle	927
jooon	928
nerdgir1	929
gwossum	930
ijliao	931
chant	932
Carbamide	933
vicious	934
kabalak	935
anna	936
chema	937
jf	938
chrisime	939
jordanb	940
harbourn	941
Kip	942
Marcus	943
StevenRainwater	944
thull	945
stuart	946
technik	947
trow	948
jpablo	949
Ansimorph	950
manuel	951
kraai	952
eric	953
spicyjack	954
xcyber	955
ntang	956
mike750	957
Al	958
berend	959
Boris	960
Ushakov	961
jaq	962
tony	963
omarius	964
aint	965
trailboy	966
etumenba	967
casantos	968
cezarg	969
paladine	970
superuser	971
khoerling	972
jonabbey	973
adamjk	974
edwardam	975
bikeNomad	976
elwell	977
hazelsct	978
axel	979
tweaker	980
auspex	981
bcully	982
josef	983
Wheat	984
nullspace	985
stone	986
ishamael	987
Jewelsthorn	988
menthos	989
rybolov	990
ldunbar	991
mstarch	992
DraX	993
pjdowner	994
ks	995
jarod	996
leonardr	997
Gregory	998
robster	999
Hallski	1000
rhult	1001
Baud	1002
aldug	1003
terceiro	1004
murfInWyoming	1005
oej	1006
leunga	1007
cananian	1008
jaz	1009
plan9	1010
jch	1011
ZeeblebroX	1012
PenisBirdGuy	1013
pohl	1014
sethcohn	1015
digdude	1016
inf	1017
bneely	1018
hp	1019
Raphael	1020
dria	1021
dsifry	1022
corbet	1023
reniar	1024
Trakker	1025
starshine	1026
kelly	1027
kervalen	1028
kbob	1029
freeside	1030
gael	1031
decklin	1032
robhudson	1033
epcraig	1034
BlaisePascal	1035
nop	1036
Kyrgan	1037
naturedarren	1038
KLOG	1039
wcooley	1040
tunesmith	1041
aicra	1042
Phlucks	1043
scav	1044
Dries	1045
deekayen	1046
TheNalf	1047
dsandras	1048
ads	1049
tfheen	1050
djm	1051
hands	1052
stskeeps	1053
tibaland45	1054
Apakuni	1055
compiler	1056
heliocastro	1057
testuser	1058
buckley	1059
feebdaed	1060
dburcaw	1061
kr0n	1062
rw	1063
clausen	1064
webseeker	1065
polo	1066
mjcox	1067
jpalme2000	1068
Nectar	1069
lp0	1070
macricht	1071
timg	1072
pat	1073
lewing	1074
cameron	1075
four	1076
Acapnotic	1077
terral	1078
kwayne	1079
justin	1080
jmacd	1081
Ricdude	1082
joncruz	1083
cactus	1084
uzi	1085
flaggz	1086
BrentN	1087
nelsonrn	1088
dphase	1089
rooneg	1090
hubicka	1091
pfremy	1092
zbowling	1093
ssvgopal	1094
vieira	1095
deirdre	1096
jradix	1097
kalou	1098
ahyden	1099
jayc	1100
okiniko	1101
netfrost	1102
Aspuru	1103
MiG	1104
jaybonci	1105
KBrown	1106
Barbwired	1107
bogart	1108
thorfinn	1109
bekj	1110
KevinL	1111
Pseudonym	1112
shermozle	1113
gka	1114
rth	1115
timj	1116
fvw	1117
jcheek	1118
VooDoo	1119
andy47	1120
dirkx	1121
ben	1122
andi	1123
daniel	1124
ask	1125
jmg	1126
ysidoro	1127
Vince	1128
Ramses0	1129
barbieri	1130
ztf	1131
harold	1132
joe	1133
apm	1134
hoffman	1135
BenFrantzDale	1136
petdr	1137
zealot	1138
vlg	1139
silvernerd	1140
mdupont	1141
agntdrake110	1142
lucipher	1143
negative	1144
netseeker	1145
boog	1146
sotod	1147
till	1148
DrCode	1149
bowis	1150
radar	1151
whytheluckystiff	1152
shlomif	1153
abs	1154
hubertf	1155
marc	1156
nathanw	1157
ignatz	1158
Zaitcev	1159
IainLowe	1160
kgb	1161
realblades	1162
jianshi	1163
jacobo	1164
djcb	1165
aaronl	1166
jngadreau	1167
nchriss	1168
carl	1169
RoUS	1170
cwinters	1171
bchoi	1172
cm	1173
davewiner	1174
chip	1175
rubys	1176
robocoder	1177
leaf	1178
nidd	1179
AlanShutko	1180
mpr	1181
ade	1182
coder	1183
thomasq	1184
jmelesky	1185
Fare	1186
thewatcher	1187
mvw	1188
jrf	1189
gwm	1190
doxxx	1191
nausicaa	1192
js	1193
eMBee	1194
Sergei	1195
jacopoc	1196
YoavShapira	1197
smurp	1198
markm	1199
AilleCat	1200
krow	1201
gshapiro	1202
jamie	1203
quiet1	1204
gjvc	1205
CowboyNeal	1206
sparks	1207
cjs	1208
unfurl	1209
pudge	1210
cg	1211
des	1212
green	1213
tetard	1214
srl	1215
ekashp	1216
gsutter	1217
nbm	1218
precision	1219
jbyers	1220
rwatson	1221
sye	1222
carey	1223
miguelzinho	1224
dlr	1225
jrobbins	1226
shaneowenby	1227
stefano	1228
manoj	1229
rbb	1230
bobsquatch	1231
cmacd	1232
Fyndo	1233
czero	1234
redi	1235
movement	1236
jbuck	1237
cdevienne	1238
jsm28	1239
phr	1240
jkeating	1241
skvidal	1242
JMarc	1243
phe	1244
stefan	1245
aoliva	1246
bonzini	1247
aph	1248
pinskia	1249
cdfrey	1250
sriggs	1251
arnuld	1252
fzort	1253
yosch	1254
qubit	1255
hulten	1256
argp	1257
dennissheil	1258
xamat	1259
murajov	1260
rgreening	1261
Trollaxor	1262
ittner	1263
8191	1264
stan	1265
mcnemesis	1266
guylhem	1267
DRMacIver	1268
LaForge	1269
ryuslash	1270
average	1271
danstowell	1272
arams	1273
jhill	1274
thecentric	1275
afcowie	1276
Nyco	1277
yeupou	1278
loic	1279
neofutur	1280
burtonator	1281
fen	1282
jdybnis	1283
sp	1284
mdillon	1285
KhensU	1286
neuro	1287
sim	1288
kira	1289
sness	1290
gtaylor	1291
rsousa	1292
vrfy	1293
davidz	1294
Mukraker	1295
marioc	1296
random	1297
Caboom	1298
gorgo	1299
amayil	1300
zimmer	1301
exa	1302
dbl	1303
fc	1304
torsten	1305
licquia	1306
weasel	1307
jim	1308
vincent	1309
lupus	1310
wolfie	1311
lazarus	1312
bfulgham	1313
kenelson	1314
mfleming	1315
MisterBad	1316
neil	1317
njaard	1318
tronical	1319
Capzilla	1320
Muddy	1321
MrFixit	1322
CharlesKerr	1323
strick	1324
ZIG	1325
heschong	1326
keybuk	1327
zgrong	1328
siddharth178	1329
adsharma	1330
sponge	1331
iddekingej	1332
xkranda	1333
Dodger	1334
Jick	1335
zwoop	1336
fluffy	1337
striker	1338
scottp	1339
pjf	1340
rcp	1341
jlittle	1342
julio	1343
jallison	1344
bbum	1345
brendan	1346
nmw	1347
ekkerbj	1348
rkunkel	1349
kiniry	1350
bondolo	1351
Perrin	1352
xmldoc	1353
jpr	1354
biz	1355
dngor	1356
campd	1357
mhausenblas	1358
vanquish	1359
think	1360
mslicker	1361
tnt	1362
gicmo	1363
simos	1364
robsta	1365
e8johan	1366
lloydwood	1367
4ngel	1368
MartySchrader	1369
mentifex	1370
AlanHorkan	1371
njh	1372
nyo	1373
titus	1374
dwragg	1375
tiagovaz	1376
eniss	1377
badvogato	1378
otavio	1379
goedson	1380
parkerc	1381
lyxmoo	1382
dfenwick	1383
elanthis	1384
grey	1385
faw	1386
beto	1387
Xorian	1388
si0ux	1389
forrest	1390
dlehn	1391
herzi	1392
baruch	1393
brouhaha	1394
harshy	1395
dion	1396
ensonic	1397
oubiwann	1398
cerquide	1399
maswan	1400
sjburges	1401
henrik	1402
bagfors	1403
norpan	1404
PatrikR	1405
angel	1406
JALH	1407
dinsdale	1408
mihtjel	1409
dmwaters	1410
mstevens	1411
tews	1412
skeezix	1413
Eimi	1414
mrorganic	1415
rbultje	1416
ds	1417
thomasvs	1418
adrighem	1419
peaceandlove	1420
lusena	1421
tmattox	1422
liquidgod	1423
cvbear0	1424
unigeek	1425
cullenfluffyjennings	1426
Qbert	1427
stig	1428
drunen	1429
lpd	1430
caine	1431
serdar20	1432
frb	1433
shawn	1434
claw	1435
kmaraas	1436
itp	1437
james666	1438
daf	1439
aelman	1440
gramps	1441
voda	1442
amar	1443
twentycharactersorle	1444
exedre	1445
mort	1446
ajh	1447
kendall	1448
kmacleod	1449
wmf	1450
cbbrowne	1451
mdorman	1452
jwb	1453
drow	1454
supercobra	1455
FeeBLe	1456
CarloK	1457
osk	1458
bgough	1459
papyromancer	1460
bmc	1461
stas	1462
arhuman	1463
japhy	1464
OeufMayo	1465
legart	1466
tjmather	1467
mjl9741	1468
casper	1469
JackPo	1470
paulus	1471
zx64	1472
comrad	1473
kynan	1474
lazyboy	1475
bertrand	1476
AnnaMoo	1477
Pike	1478
obrien	1479
robbe	1480
ipmonger	1481
Tux	1482
monk	1483
pabs	1484
sneakums	1485
hship	1486
redmist	1487
jlp	1488
a7r	1489
rodrigo	1490
cuenca	1491
alvaro	1492
juantomas	1493
vab	1494
Jody	1495
Talin	1496
largo	1497
cpw	1498
jhb	1499
six809	1500
harkal	1501
lxhispano	1502
davefx	1503
bgdarnel	1504
mblevin	1505
MattyT	1506
dskoll	1507
trollol	1508
hazen	1509
guidod	1510
bkorb	1511
braden	1512
wilm	1513
lukeg	1514
demoncrat	1515
ljlane	1516
walken	1517
aaron	1518
vorlon	1519
sbergmann	1520
Denny	1521
onki	1522
MarkL	1523
dajobe	1524
basilio	1525
Fabian	1526
mhz	1527
deb	1528
gpoo	1529
jci	1530
pvillavi	1531
moo	1532
ruaok	1533
willey	1534
garrison	1535
jsheets	1536
jwcheung	1537
Burgundavia	1538
jamiemcc	1539
jsgotangco	1540
footpad	1541
fuzzynerd	1542
lgerbarg	1543
llasram	1544
adulau	1545
chrisd	1546
NickElm	1547
andersee	1548
fufie	1549
iwehrman	1550
opiate	1551
fpmip	1552
renaud	1553
osvaldo	1554
eliphas	1555
RaNma	1556
anton	1557
Nelson	1558
jerry	1559
jerenkrantz	1560
baretta	1561
dhartmei	1562
Physicman	1563
lkratz	1564
rodolphe	1565
Kouran	1566
jneves	1567
villate	1568
xsa	1569
Ruffy	1570
ger	1571
c170	1572
mike1	1573
esden	1574
blindcoder	1575
rolla	1576
mimerki	1577
alexm	1578
markus	1579
hgayosso	1580
stu	1581
pmcgovern	1582
alecm	1583
brett	1584
Thias	1585
Stevey	1586
acero	1587
beercan	1588
zilch	1589
anders	1590
steved	1591
cmm	1592
JonRock	1593
Melomel	1594
nosinut	1595
bobg	1596
hanwen	1597
craigbro	1598
prevostjm	1599
lange	1600
mlsm	1601
mazeone	1602
jack	1603
ashp	1604
k	1605
segher	1606
dchud	1607
paradox	1608
eikeon	1609
zahl	1610
luul2002	1611
stephan	1612
Tomer	1613
keskoy	1614
vlg2	1615
jacob	1616
gmp	1617
iamsure	1618
Axolotl	1619
trukfixer	1620
zaldun	1621
polak	1622
bibekpaudel	1623
dlc	1624
mlavallee	1625
krause	1626
lordsutch	1627
dres	1628
ploppy	1629
madhatter	1630
monkeyiq	1631
jcm	1632
Centove	1633
zx80user	1634
bombadil	1635
RickMuller	1636
monniaux	1637
maelstrom	1638
matias	1639
Slimer	1640
mnot	1641
riggwelter	1642
conrad	1643
danpat	1644
menesis	1645
PureFiction	1646
nils	1647
egad	1648
leio	1649
slef	1650
quad	1651
proski	1652
gregorrothfuss	1653
rotty	1654
jbs	1655
linn	1656
clubfan	1657
kimusan	1658
mstone	1659
taral	1660
Rockwalrus	1661
alejandro	1662
plundis	1663
earthmkii	1664
ramoth4	1665
leto	1666
electron	1667
dak	1668
dmullen	1669
ambient	1670
Malx	1671
Carrok	1672
piman	1673
cgushue	1674
eskimoses	1675
Lordy	1676
Donwulff	1677
Milambar	1678
Mysidia	1679
jivera	1680
lanz	1681
davidm	1682
spade	1683
dido	1684
ottawaDave	1685
Dunc	1686
star	1687
hugh	1688
cech	1689
marcel	1690
cas	1691
ajk	1692
rcw	1693
woot	1694
ljb	1695
edward	1696
gibreel	1697
cmr	1698
wurtel	1699
lorrycao	1700
phlip	1701
ReadMe	1702
mattbradshaw	1703
Sunir	1704
thomppj	1705
Titivillus	1706
lkehresman	1707
gpadgham	1708
rlougher	1709
twisti	1710
mjw	1711
michi	1712
sirtheoden	1713
just	1714
MindFreak	1715
Perrier	1716
RobFlynn	1717
kitsune	1718
orph	1719
phil	1720
camk	1721
aceponkus	1722
fielding	1723
sviens	1724
kwung	1725
slowhog	1726
chexum	1727
data	1728
grepninja	1729
mcelrath	1730
micahjd	1731
davidtrowbridge	1732
lurgyman	1733
diablod3	1734
cdwiegand	1735
tubi	1736
2B	1737
nyh	1738
Xantia	1739
gby	1740
sun	1741
roozbeh	1742
kilmo	1743
frogfoot	1744
Toastie	1745
kzin	1746
epsalon	1747
booch	1748
stevex	1749
sdt	1750
Kalana	1751
lauris	1752
tml	1753
ettore	1754
gav	1755
bbrox	1756
bwh	1757
deuxpi	1758
fatjim	1759
Hoekstra	1760
philhunt	1761
judell	1762
davidjclark	1763
shapr	1764
jae	1765
gward	1766
karl	1767
Uche	1768
tseaver	1769
benh	1770
owens	1771
solovay	1772
trage	1773
pjcabrera	1774
pasky	1775
chorand	1776
sral	1777
wildweasel	1778
kwoo	1779
blm	1780
dtucker	1781
Monty	1782
jwboyer	1783
bagpuss	1784
Patrekur	1785
srn	1786
mvt	1787
physos	1788
isenguard	1789
mike	1790
steintr	1791
triona	1792
bruns	1793
trelane	1794
coywolf	1795
aslam	1796
akihabara	1797
duncanm	1798
quinlan	1799
glenn	1800
Dacta	1801
sushant1980	1802
dsf	1803
terop	1804
malcom	1805
vijay14	1806
dpavlin	1807
Nygard	1808
KlausWuestefeld	1809
vandango	1810
beret	1811
brg	1812
shd	1813
Szilva	1814
harvey	1815
maragato	1816
cturner	1817
bodo	1818
ksandstr	1819
mdanish	1820
rmj	1821
starsofexportsco	1822
Eitch	1823
wacky	1824
jeffalo	1825
scrottie	1826
bstpierre	1827
rob	1828
Bopon	1829
rcastro	1830
lsdrocha	1831
magsilva	1832
livio	1833
LenZ	1834
darkworm	1835
Stalker	1836
khk	1837
khemicals	1838
dto	1839
ricardo	1840
maubury	1841
KaiL	1842
mattsm	1843
almer	1844
ViGueTo	1845
grex	1846
sopwith	1847
dsevilla	1848
pau	1849
yaneti	1850
louie	1851
mpesenti	1852
stwn	1853
rojaro	1854
ladis	1855
ralf	1856
pkot	1857
minipanda	1858
Sorcerer13	1859
jdube	1860
edwin	1861
gelderen	1862
iang	1863
pw	1864
dyeske	1865
bloofar	1866
cokane	1867
messi	1868
pbor	1869
zwnj	1870
behnam	1871
neoneye	1872
brwill	1873
tcopeland	1874
stillflame	1875
gheet	1876
TheBonsai	1877
shooby	1878
jamver	1879
nooks	1880
robk	1881
cla	1882
Muad	1883
jonasg	1884
srbaker	1885
mskala	1886
gzp	1887
alessio	1888
purpleidea	1889
maniax	1890
drogata	1891
ajkroll	1892
fenrus	1893
mkp	1894
mpav	1895
athos10	1896
gremi	1897
dmarti	1898
binaryfoo	1899
phill	1900
overclocker	1901
joshk	1902
brettcar	1903
tbehrends	1904
zentric	1905
erikm	1906
Russ	1907
hch	1908
synctext	1909
zwane	1910
oec	1911
andreas	1912
prash	1913
paulr	1914
idcmp	1915
hovinen	1916
Jimbob	1917
Crimz	1918
eck	1919
prozac	1920
sengan	1921
no	1922
Coverfire	1923
ariel	1924
kettenis	1925
Jesus	1926
cael	1927
bratislav	1928
nickm	1929
freetype	1930
cmorgan	1931
tvgm	1932
Ng	1933
ataridatacenter	1934
neonzebra	1935
inri	1936
steph	1937
jtc	1938
claire	1939
jemfinch	1940
ShawnW	1941
shana	1942
alp	1943
pazu	1944
Dulcinea	1945
djweitzner	1946
poireau	1947
fab	1948
nicotavern	1949
ChipIA64	1950
freax	1951
bilboed	1952
caiqian	1953
pipeman	1954
kuzman	1955
sqlguru	1956
johnw	1957
Nafai77	1958
cdub	1959
linus	1960
gerv	1961
coredumb	1962
mattr	1963
Pizza	1964
skribe	1965
palm	1966
ghostgum	1967
sisob	1968
dfries	1969
spikboll	1970
MisterP	1971
szysz	1972
plasmaroo	1973
mitnick	1974
brondsem	1975
nobreak	1976
nikole	1977
skx	1978
swm	1979
cbj	1980
metaur	1981
lindsey	1982
viljo	1983
PaulWay	1984
palnatoke	1985
janneke	1986
ianclatworthy	1987
robertc	1988
chrismo	1989
jlb	1990
r4f	1991
dneighbors	1992
dcm	1993
jamest	1994
jmeskill	1995
dick	1996
snowfox	1997
keverets	1998
pa	1999
chrislea	2000
coram	2001
pjones	2002
jordan	2003
jum	2004
Mystic	2005
burnzie33	2006
rrp	2007
hunger	2008
plasticboy	2009
portnoy	2010
milchmini	2011
dryheave	2012
sangr	2013
sagi	2014
testing	2015
jmturner	2016
Norom	2017
wiggly	2018
johs	2019
richlowe	2020
pcburns	2021
seniorgoat	2022
pinktulip	2023
krystyn	2024
mill	2025
MagicT	2026
LuckyJim	2027
aarestad	2028
raaron	2029
johnca	2030
linas	2031
jhasler	2032
zoke	2033
Alleluia	2034
paan	2035
megastep	2036
Ikarus	2037
negishail	2038
stwman11	2039
jsebrech	2040
glada	2041
madscientist	2042
Redfist	2043
dewback	2044
domfox	2045
burnedsyn	2046
LukeFowler	2047
jarcha	2048
DanielV	2049
slaught	2050
denshi	2051
cottonmouth	2052
BlakeWatters	2053
paulbain	2054
jam	2055
koke	2056
mortis	2057
konst	2058
tron	2059
craig	2060
jochen	2061
FarcePest	2062
diablero	2063
anarch	2064
torqumada	2065
smog	2066
blah	2067
fork	2068
chaos	2069
debater	2070
loki	2071
LinuxNinja	2072
snippy	2073
YogSothoth	2074
aegis	2075
scc	2076
aeppert	2077
gbritton	2078
Jag	2079
pnasrat	2080
ianweller	2081
carlusmaximus	2082
Apeterson	2083
zanee	2084
bi	2085
lorenz	2086
ribozyme	2087
carroll	2088
dayta	2089
olive	2090
bruder	2091
lclaudio	2092
Chestal	2093
nomis	2094
love	2095
karlward	2096
lsheehan	2097
dje	2098
larry	2099
8088	2100
nether	2101
esap	2102
Slow	2103
cwinans	2104
Klass	2105
CaptainNemo	2106
janschrage	2107
besfred	2108
IsaacGolding	2109
mrb	2110
vogelap	2111
StEgo	2112
jotajota	2113
Dom2	2114
AgentX	2115
harringf	2116
angellom1	2117
umquam	2118
jssasongko	2119
mij	2120
NemMy	2121
digitalSurgeon	2122
jhw	2123
gvwilson	2124
company	2125
lmjohns3	2126
charon	2127
michaelemma	2128
mutek	2129
tampe	2130
rodsenra	2131
dunham	2132
skimbu	2133
trs80	2134
mtearle	2135
mrd	2136
xf	2137
mdeegan	2138
m	2139
lathiat	2140
daniels	2141
Alphax	2142
jeek	2143
fweiden	2144
Creslin	2145
grin	2146
jnewbigin	2147
fflewddur	2148
mathrick	2149
rjp	2150
samj	2151
wal	2152
invoke	2153
theo	2154
sralston	2155
skarg	2156
trance9	2157
gjritter	2158
davidc	2159
gojomo	2160
tadej	2161
ryuch	2162
darkdonno	2163
johnm	2164
amits	2165
eran	2166
hhhh	2167
mwest	2168
pulento	2169
al3x	2170
dwiner	2171
diskzero	2172
snorp	2173
pridkett	2174
masaz	2175
NightsTemper	2176
cyberleaf	2177
mattcampbell	2178
loveoss	2179
aradub16	2180
mmangino	2181
SyntaxPolice	2182
aireymouse	2183
trini	2184
jclement	2185
abrink	2186
opened	2187
ericp	2188
ischmidt	2189
ovek	2190
include	2191
speeder	2192
cortezcarlos	2193
biznas	2194
tagishandy	2195
davorg	2196
Abigail	2197
gbarr	2198
graham	2199
lucasgonze	2200
jesse	2201
DaGovna	2202
martinhipp	2203
samNMS	2204
thiagom	2205
radtke	2206
Roxo	2207
godoy	2208
maluco	2209
pp	2210
wannabe	2211
mtk	2212
clameter	2213
taj	2214
epx	2215
eckes	2216
jbj	2217
notting	2218
aristeu	2219
mgm	2220
db	2221
boto	2222
tahorg	2223
pzb	2224
dank	2225
mharris	2226
kov	2227
fbl	2228
felipewd	2229
gqueri	2230
laredo	2231
akpm	2232
anderson	2233
musb	2234
linuxata	2235
lezz	2236
biffhero	2237
puffin	2238
rvdm	2239
ahu	2240
fenix	2241
sonacsocietenatio	2242
grape	2243
ditd	2244
kholmes	2245
ndw	2246
mitch	2247
scottj	2248
austin	2249
kiko	2250
seb128	2251
garnacho	2252
aurium	2253
clarkbw	2254
kristian	2255
valessio	2256
jvic	2257
csv	2258
caio1982	2259
paolo	2260
brother	2261
aclark	2262
zed	2263
angels	2264
esteve	2265
fbriere	2266
uriel	2267
mips	2268
jolan	2269
panix	2270
rebecka	2271
Kenny	2272
mrbill	2273
garym	2274
jackshck	2275
mhanni	2276
mbanck	2277
mharo	2278
ojs	2279
amtos	2280
JuxtaPositionYou	2281
pencechp	2282
sTiCh0	2283
mang	2284
drheld	2285
ilgiz	2286
bzajac	2287
ktohk	2288
kkenn	2289
adam	2290
daw	2291
Nejucomo	2292
blanu	2293
letmein	2294
ardiri	2295
fatal	2296
prescience	2297
danbri	2298
pompeiisneaks	2299
bobman	2300
Teratoma	2301
pippin	2302
aj	2303
vidar	2304
jhubbard	2305
colin	2306
bruce	2307
holgate	2308
Darkman	2309
smunemo	2310
matantisi	2311
orabidoo	2312
joshuat	2313
aminorex	2314
nikke	2315
hukka	2316
id	2317
teknix	2318
nocturne	2319
xela	2320
jbert	2321
Philou	2322
cord	2323
Michael	2324
MarkF	2325
larva	2326
pulp	2327
zoot	2328
wetdog	2329
jrowan	2330
thomasd	2331
egnor	2332
alisdair	2333
psj	2334
aggieben	2335
lethalman	2336
LoRez	2337
bernie	2338
nandana	2339
oshani	2340
freakazoid	2341
jcs	2342
ericj	2343
martingaido	2344
nkeynes	2345
montana	2346
toshok	2347
uwog	2348
santana	2349
Mmarquee	2350
whir	2351
rmathew	2352
gnumuthu	2353
docwhat	2354
mechanix	2355
jht	2356
rread	2357
agentdero	2358
bingo	2359
argaldo	2360
jserv	2361
thalunil	2362
flawed	2363
merlinus	2364
JohnGalt	2365
garbeam	2366
fgb	2367
btdn	2368
julio199	2369
Lobster	2370
cheng	2371
Spooky	2372
peterw	2373
pabw	2374
brant	2375
z	2376
camber	2377
dnelson	2378
itTakesFocus	2379
gmenguez	2380
pal	2381
gustavog	2382
quarl	2383
klugegod	2384
vov2den	2385
vov1den	2386
twisted	2387
loam	2388
deft	2389
horus	2390
omarkhan	2391
chflags	2392
rewben	2393
jmauricio	2394
karkul	2395
Sandino	2396
mancha	2397
wiml	2398
rizen	2399
det	2400
bit	2401
rayl	2402
wconnell	2403
mkestner	2404
richieb	2405
stimuli	2406
doylep	2407
PaulJohnson	2408
kvance	2409
RogerBrowne	2410
gmc333	2411
larsu	2412
dbc	2413
jahnke	2414
cascardo	2415
douglaz	2416
Nietzsche	2417
pandemic	2418
jay	2419
davidr	2420
j5p7	2421
drodriguezlo	2422
avdyk	2423
Ringding	2424
xdguan	2425
warmenhoven	2426
chregu	2427
Roger	2428
digitect	2429
edrx	2430
brujah	2431
rmorrell	2432
hashpolitics	2433
svu	2434
timur	2435
simosx	2436
erwann	2437
pthierry	2438
nikodemus	2439
mattmcc	2440
coar	2441
listoya	2442
dax	2443
Meuh	2444
creis	2445
riverwind	2446
acid	2447
migus	2448
soda	2449
fcrozat	2450
chl	2451
jul	2452
dcs	2453
dwhite	2454
keichii	2455
darius	2456
billf	2457
mph	2458
jedgar	2459
bp	2460
jmock	2461
mikeycooper	2462
RyanPavlik	2463
msevior	2464
catonic	2465
gonzo	2466
twiun	2467
jibbler	2468
kiffer	2469
nuncanada	2470
dbr	2471
rsdio	2472
gadek	2473
saugart	2474
dog	2475
DjDanny	2476
insom	2477
mattb	2478
billy69	2479
deadchip	2480
jaime	2481
omega	2482
thaytan	2483
waffel	2484
phkhal	2485
Elleo	2486
pycage	2487
jrepp	2488
jon	2489
farrellj	2490
aksha	2491
evilwalrus	2492
manus	2493
rb	2494
jasonkb	2495
borja	2496
hylian	2497
kiwnix	2498
gcc	2499
holman	2500
aunty	2501
yuniarsetiawan	2502
chicane	2503
tterb	2504
jimray	2505
deven	2506
bvermeul	2507
boncey	2508
nicholasl	2509
njohnso	2510
jannone	2511
kirillov	2512
g3ars	2513
SRFurlong	2514
huge	2515
timball	2516
rince	2517
olg	2518
zifnab	2519
eviltofu	2520
wrowe	2521
prla	2522
rosen	2523
pkiforum	2524
vikasgp	2525
ddb	2526
fozbaca	2527
rafeco	2528
harrisj	2529
kcr	2530
mugoi	2531
ultos	2532
ricmarques	2533
malone	2534
gregf	2535
carol	2536
domi	2537
zw	2538
kevindumpscore	2539
ivo	2540
Gerk	2541
ondrej	2542
kijiki	2543
KirkWylie	2544
bswhb	2545
marek	2546
k2pts	2547
davb	2548
vkurup	2549
ldodds	2550
vektor	2551
BenDover	2552
LGaby	2553
SpottyDog	2554
SorrowD	2555
jborg	2556
JKaranka	2557
jjmerelo	2558
lance	2559
gregk433	2560
sterwill	2561
hilaire	2562
lolo	2563
snickell	2564
jab	2565
tja	2566
chih34	2567
jbontje	2568
wrvh	2569
hexmode	2570
JB318	2571
jmcnamara	2572
gregor	2573
hv	2574
adrianh	2575
Purdy	2576
GrahamAsher	2577
helcio	2578
BlackSkorpio	2579
miko	2580
shiflett	2581
DrBobguy	2582
nedko	2583
kfoltman	2584
drobilla	2585
jr	2586
dr	2587
jkdufair	2588
alain	2589
ara0d3nt16	2590
Stren03	2591
shack	2592
Ahzz	2593
andy	2594
woodhull	2595
troutman	2596
turnera	2597
vikasshah	2598
ani	2599
FORTYoz	2600
alriddoch	2601
Malkin	2602
zzorn	2603
pato	2604
Grimicus	2605
novalis	2606
tialaramex	2607
Nadir	2608
wjp	2609
kclayton	2610
bownie	2611
igor	2612
Netdancer2	2613
kanikus	2614
emk	2615
goran	2616
ChrisMecca	2617
boostmyego	2618
jorrit	2619
Cirruz	2620
feztbrus	2621
derick	2622
MichaelCox	2623
odin	2624
schubert	2625
greg	2626
ilkka	2627
jokhva	2628
bod	2629
kc	2630
Bodnar42	2631
ralfdog	2632
stary	2633
mibus	2634
riscgrl	2635
Wazm	2636
djw	2637
sdog	2638
spook	2639
Edgars	2640
jbeimler	2641
Quetzalcoatl	2642
joost	2643
jajo	2644
jakov	2645
pepper	2646
bartd	2647
cheasy	2648
trimtab	2649
karjala	2650
cmdrdata	2651
rgb	2652
aaronv	2653
misaka	2654
velco	2655
Arrow	2656
chalky	2657
obi	2658
oxygene	2659
jtraub	2660
hugocon	2661
thoran	2662
cloud	2663
laburu	2664
vpiff	2665
x	2666
antirez	2667
soto	2668
spreadlinux	2669
rweir	2670
wspace	2671
proclus	2672
bkode	2673
lispmeister	2674
schugo	2675
Anarchizt	2676
fixxxer	2677
jcv	2678
ayan	2679
slate	2680
che	2681
jrt	2682
maya	2683
isoBoy	2684
mk	2685
hanna	2686
adw	2687
ta0kira	2688
teknopup	2689
mostafadaneshvar	2690
lobo	2691
RomanK	2692
muthur	2693
ged	2694
matju	2695
gleep	2696
crandall	2697
Thor	2698
dkl	2699
Crutcher	2700
adrianogalano	2701
Zion	2702
rlevin	2703
deepfire	2704
ishmukler	2705
amnesia	2706
dberlin	2707
spstarr	2708
abryant	2709
nostalgiphile	2710
Geoffrey	2711
oleavr	2712
dave0	2713
jedix	2714
zacs	2715
judge	2716
kroeger	2717
moby	2718
kinetik	2719
randombit	2720
baerli	2721
fumanchi	2722
andrewm	2723
DarthEvangelusII	2724
Netdancer	2725
adraken	2726
deusx	2727
odaf	2728
qmacro	2729
zander	2730
magicninja	2731
extra	2732
rio	2733
baiju12	2734
tejinder	2735
awithers	2736
MCBORN	2737
gregt	2738
dopey	2739
joolean	2740
zotz	2741
mbucc	2742
stalens	2743
dark	2744
moray	2745
jbailey	2746
Netsnipe	2747
gopal	2748
cdlu	2749
ElectricElf	2750
csurchi	2751
infinity	2752
Schuyler	2753
mattl	2754
djbclark	2755
joshua	2756
nate	2757
cooly	2758
xose	2759
toledo	2760
rodo	2761
alo	2762
manifestvoid	2763
reinaldo	2764
apostle	2765
emptty	2766
RuddO	2767
davidl	2768
foner	2769
tibbetts	2770
marthag	2771
andreaskupries	2772
TarekEslim	2773
ebf	2774
chipig	2775
alessandro	2776
iDunno	2777
saintbrie	2778
carlospm	2779
fabiano	2780
lmvaz	2781
Liedra	2782
jstraw	2783
ironwood	2784
juancpaz	2785
leonardo	2786
mikehearn	2787
dpash	2788
Omnifarious	2789
softkid	2790
jahqueel	2791
Lolindrath	2792
dangermaus	2793
ronin	2794
byte	2795
sculptor	2796
ToJe	2797
elrond	2798
kju	2799
mlaster	2800
mje	2801
eenge	2802
nconway	2803
dvl	2804
bryanf	2805
karimlakhani	2806
alvherre	2807
gphat	2808
Pilot	2809
garfycx	2810
bcg	2811
yohanes	2812
cortesi	2813
sankarshan	2814
sioakaos	2815
daphage	2816
colleyville	2817
mborella	2818
sjmurdoch	2819
pjc51	2820
filemon	2821
punkytse	2822
okcrum	2823
acoliver	2824
Hunter2	2825
cd4046	2826
Shrink	2827
igspectre	2828
Dominic	2829
mige	2830
markpasc	2831
rcaden	2832
gohmdoree	2833
tpot	2834
bart	2835
mcr	2836
Carlos	2837
LinuxBitch	2838
Zell	2839
taec	2840
ths	2841
jermnelson	2842
joke	2843
hawtink	2844
slive	2845
shouhanbou	2846
ib	2847
andyv	2848
johnny	2849
NukeGeek	2850
juhtolv	2851
tjl	2852
opk	2853
gcw	2854
cras	2855
dreamind	2856
gluscap	2857
8bit	2858
image	2859
mvo	2860
Rich	2861
spadkins	2862
bcm	2863
jpl	2864
aeden	2865
atech	2866
premus	2867
Borzy	2868
nemo	2869
Dzifa	2870
Scizo	2871
lux	2872
enienigma	2873
ziggy	2874
joedecker	2875
scottyo	2876
cipher	2877
iGN	2878
duncan	2879
jerdfelt	2880
pergj	2881
Nome	2882
jonkare	2883
tca	2884
jct	2885
dreier	2886
pere	2887
bitstream	2888
collord	2889
fjf	2890
bigdisk	2891
ffxz	2892
NZheretic	2893
pghowlett	2894
ZachGarner	2895
agh	2896
mico	2897
fscked	2898
zahod	2899
panthar	2900
Zezinho	2901
jgb	2902
gerardo	2903
syvic	2904
tanis	2905
afernandes	2906
mooch	2907
Camille	2908
Jujo	2909
skymix	2910
lgs	2911
tacvbo	2912
jemarch	2913
ceri	2914
operon	2915
rwxrwxrwx	2916
jeremiahrogers	2917
benji	2918
jpetersen	2919
Bklyn	2920
janerik	2921
marius	2922
trackman	2923
SolidCore	2924
kazen	2925
andre	2926
mikeB	2927
pschoenb	2928
etoffi	2929
cadrian	2930
kwd	2931
joearm	2932
squish	2933
groom	2934
nealmcb	2935
b	2936
carton	2937
gobry	2938
habes	2939
ken	2940
pate	2941
shillo	2942
seph	2943
yandros	2944
stephane	2945
Apuleius	2946
Santiago	2947
cwryu	2948
bhyde	2949
roblimo	2950
aris	2951
mjl	2952
tapir	2953
ghod	2954
bmb	2955
tolonuga	2956
cedars	2957
Sanjay	2958
paolino	2959
animesh	2960
evo	2961
baux	2962
freeworld	2963
watete	2964
xsdg	2965
zdt	2966
erAck	2967
Samoied	2968
hereticmessiah	2969
returnoftheredi	2970
witten	2971
munizao	2972
soni	2973
xan	2974
funrecords	2975
jdhildeb	2976
sl0th	2977
aragunton26	2978
blinker	2979
princetongal	2980
juanjo	2981
chunduri	2982
zxc555	2983
pvg	2984
jwise	2985
sacha	2986
nicnacs	2987
djmgnu	2988
ana	2989
ajmitch	2990
gavinb	2991
arma	2992
pjrm	2993
svanegmond	2994
jcarr	2995
dgatwood	2996
creed	2997
jeanpierre	2998
pogma	2999
sbwoodside	3000
lethal	3001
salimma	3002
kirby	3003
smurf	3004
sspitzer	3005
lordpixel	3006
smfr	3007
hwaara	3008
brane	3009
Xantus	3010
Keith	3011
France	3012
doa	3013
AsmodeusB	3014
slothrop	3015
patrick	3016
ayaz	3017
nusK	3018
wyrm	3019
mchang	3020
peroyvind	3021
pfignaux	3022
hin	3023
kaspanatola	3024
Barracuda	3025
payneinthe	3026
redowl	3027
cucumelo	3028
typezero	3029
mmannix	3030
mpawlo	3031
asleep	3032
darknode	3033
nigelk	3034
openface	3035
turing	3036
reenoo	3037
ara0bswft16	3038
plankers	3039
phliar	3040
aaronfaby	3041
Exal	3042
timtilion	3043
tdowney	3044
L2G	3045
zenspider	3046
pfgomez	3047
safarial	3048
MCArkan	3049
davidu	3050
blef	3051
Treenaks	3052
Fluor	3053
rvdmeent	3054
Tijs	3055
carlosferry	3056
jelly	3057
RaviSHankar	3058
JohnAllsup	3059
ace	3060
framirez	3061
ricmm	3062
jmcastagnetto	3063
joeysmith	3064
imajes	3065
shughes	3066
sniper	3067
mfischer	3068
phanto	3069
mjansen	3070
Imzadi	3071
hellow	3072
zeshin	3073
coldn	3074
edlang	3075
ejb	3076
foka	3077
edb	3078
djarb	3079
karabasan	3080
bje	3081
Silverwind	3082
gowlin	3083
ddent	3084
chuckd	3085
Cantanker	3086
Sarah	3087
ath	3088
ow3n	3089
ctd	3090
netzero	3091
shogsbro	3092
opalmer	3093
kerz	3094
freebot	3095
spelugx	3096
bsmith	3097
kmself	3098
bwoodard	3099
emad	3100
dtype	3101
ElCoronel	3102
jdc	3103
tack	3104
algaba	3105
LukeyBoy	3106
christo	3107
armbothism	3108
oliverchan	3109
PhreeZe	3110
stevebaker	3111
subpop	3112
Gavincheng	3113
HPCThunder	3114
rmt	3115
alfie	3116
xtifr	3117
Demonishi	3118
aldrin	3119
pap	3120
hiller	3121
sparky	3122
Mala	3123
bluefoxicy	3124
elduderino	3125
fgsch	3126
pmbas	3127
benad	3128
gp	3129
forman	3130
bmetzler	3131
hurstdog	3132
dword	3133
aralicio	3134
EricSandeen	3135
reschke	3136
mkc	3137
dug	3138
hallvar	3139
term	3140
HomeySmurf	3141
kolbi	3142
jrtorres	3143
rileywhite	3144
DanSmith	3145
cynick	3146
karld	3147
dbryson	3148
xandi	3149
rohitmalhotra	3150
metaman	3151
edw	3152
rcyeske	3153
Orc	3154
prodigy	3155
richard	3156
himitsuheiki	3157
LdyDestin	3158
hmacht	3159
thoenig	3160
dkukawka	3161
eivindj	3162
Periflage	3163
Henry	3164
jbuennagel	3165
Kipper989	3166
djradon	3167
redcap	3168
netstar	3169
dexter	3170
vladimir	3171
needo	3172
rawb	3173
raptor	3174
strath	3175
bdodson	3176
CEmery	3177
gabe	3178
maw	3179
kz	3180
jlouis	3181
Aurel42	3182
beaneater	3183
rmorgan	3184
lfilipoz	3185
storm	3186
benson	3187
Gnrfan	3188
beldon	3189
mbaker	3190
karlheg	3191
thoric	3192
theller	3193
beland	3194
Netalix	3195
russell	3196
tholo	3197
arjan	3198
oddiofile	3199
Hobart	3200
a3n	3201
ModernRonin	3202
sterling	3203
kaeru	3204
larsrc	3205
pelaja	3206
krokodil	3207
coriordan	3208
jsogo	3209
erconde	3210
era	3211
pixelbeat	3212
tlewis	3213
notjames	3214
thallgren	3215
nib	3216
LSchiere	3217
meijerink	3218
mjbrown	3219
mock	3220
fagrspf	3221
supanee	3222
leo	3223
jamey	3224
webgurru	3225
phpgurru	3226
masood	3227
dbenbenn	3228
happybob	3229
JohnP	3230
Micksa	3231
vipw	3232
manero	3233
alexh	3234
kagedal	3235
brlewis	3236
mole	3237
rodarvus	3238
XFire	3239
thindil	3240
creinig	3241
ha	3242
okaratas	3243
markush	3244
doviende	3245
bobuk	3246
sentinel	3247
mjt	3248
kodefu	3249
ajaxx	3250
gwachob	3251
LADYROME2002	3252
tapanjyotib	3253
chriscog	3254
jenni	3255
glasseyes	3256
MAK	3257
pesco	3258
RpgFan	3259
jht001	3260
ghaz	3261
mixter	3262
benjim	3263
andrewes	3264
kesor	3265
yizhe	3266
sphair	3267
yoann	3268
walker	3269
qslack	3270
Justinfinity	3271
livewire	3272
QuoteMstr	3273
tladuca	3274
link	3275
alastair	3276
rash	3277
cduhn	3278
n9mtb	3279
nelsonminar	3280
NickK	3281
abo	3282
Erik	3283
rsc	3284
SuperBinky	3285
wrffr	3286
dolphy	3287
cguenther	3288
shkoo	3289
epic	3290
baptista	3291
netrap	3292
wkearney99	3293
step	3294
rcassin	3295
tef	3296
gorlitsky	3297
jalvarez	3298
scorp2	3299
sorokano	3300
anabanana19	3301
wishan	3302
snim2	3303
sweeks	3304
kahuna	3305
dannys42	3306
snotty	3307
dap24	3308
Ant	3309
andycu	3310
cgillot	3311
fog	3312
varjag	3313
msi	3314
andrewmuck	3315
leonbrooks	3316
DavidEmrich	3317
grant	3318
kyrka	3319
mathsfan	3320
krivilli	3321
Yashy	3322
tgall	3323
Builder	3324
entropy	3325
karmyshev	3326
jas	3327
jboy55	3328
clock	3329
Form	3330
capo	3331
anuradha	3332
jose	3333
delta	3334
tmartin	3335
jrennie	3336
dhagan	3337
parags	3338
carbon	3339
kisielk	3340
gotem	3341
drivers	3342
rkinder	3343
Tabernarius	3344
asaddi	3345
warner	3346
tpi	3347
careilly	3348
bos	3349
Duderino	3350
puneet	3351
nothing	3352
mawa	3353
r2d2	3354
ovo	3355
h4	3356
brianbarber	3357
bhanu29004	3358
Asparagirl	3359
svaksha	3360
Gilbou	3361
nagappan	3362
andym	3363
serlim	3364
forgotPassword	3365
alcaron	3366
thayer	3367
holstenson	3368
shu	3369
reverendh	3370
mark	3371
saint	3372
kewlar	3373
jmarino	3374
Cynic	3375
nomadamon	3376
abo2	3377
vtamara	3378
sohodojo	3379
af	3380
FourG	3381
vii	3382
pvaneynd	3383
grisha	3384
steveh	3385
shields	3386
Fatz	3387
rjain	3388
Pitr	3389
IanBruntlett	3390
oztourer	3391
danpost	3392
playmobil	3393
japj	3394
bugg	3395
perlamer	3396
acidx	3397
jstanton	3398
Manesse	3399
libGTK	3400
technomancer	3401
sits	3402
bjgm	3403
arik	3404
earl	3405
BrandonTallent	3406
tdxdave	3407
Barbicane	3408
jlipton	3409
tmilford	3410
error27	3411
Hunter	3412
arrowood	3413
xanth	3414
rasjani	3415
cmuller	3416
pij	3417
psychogenic	3418
tdb	3419
kck	3420
rkarl	3421
edp	3422
pabs3	3423
mitr	3424
dsnopek	3425
mterry	3426
CharlesGoodwin	3427
ffrederick	3428
huagang	3429
mr	3430
badger	3431
whaletales	3432
burner	3433
TheMuso	3434
kabads	3435
teknofile	3436
ctrlsoft	3437
ly	3438
TazForEver	3439
regisfg	3440
synap	3441
ashtong	3442
jarashi	3443
sebol	3444
Aquila	3445
amd	3446
malk0	3447
knipknap	3448
Ohayou	3449
linuxchaos	3450
stamer	3451
pravin	3452
pjames	3453
acs	3454
dleary	3455
saikrishnabvs	3456
komal	3457
FrankP	3458
dront	3459
ajf	3460
fabiofb	3461
phonomongrel	3462
croy	3463
zztzed	3464
MenTaLguY	3465
apg	3466
theGREENzebra	3467
rnsanchez	3468
cromis	3469
kjpires	3470
descala	3471
kaustubh	3472
dsueiro	3473
grib	3474
mhatta	3475
dotSphinx	3476
fabrice	3477
kskuhlman	3478
janfrode	3479
gorny	3480
anholt	3481
elliot	3482
SyOpReigm	3483
vivanovic	3484
mct	3485
senthilkumar	3486
sja	3487
wavy	3488
sstrickl	3489
Tv	3490
clever	3491
Bres	3492
thitu	3493
vila	3494
MikLernout	3495
kdebisschop	3496
vanicat	3497
hinius	3498
freshfruitco	3499
kickaha	3500
CanisLupus	3501
tmonk42	3502
alinden	3503
bbense	3504
Number4	3505
fuzzyping	3506
nicku	3507
codedbliss	3508
hiddenpower	3509
ggoebel	3510
nospamplease	3511
nospampleaser	3512
rbhalotia	3513
ltaesch	3514
bengan	3515
feldspar	3516
arascofield16	3517
osullivj	3518
loadquo	3519
psychopenguin	3520
freshgroundpepp	3521
acassis	3522
ag	3523
JasonFilby	3524
JesseR	3525
jredburn	3526
RCMD	3527
saqib	3528
frogface	3529
quentinsf	3530
ecarlesi	3531
KateMalkovich	3532
npsimons	3533
matthias	3534
rdnckkng78	3535
mikem	3536
noda	3537
rjc	3538
brighteye	3539
broonie	3540
remi	3541
cpbs	3542
bas	3543
amck	3544
nuked	3545
benc	3546
djahandarie	3547
ker	3548
icefire	3549
mitd	3550
nadeem2k5	3551
joem	3552
richie123	3553
jasonc	3554
paulv	3555
vazio	3556
sjhill	3557
mitsue	3558
arturogf	3559
mazurek	3560
WinterLight	3561
devine	3562
jakd	3563
tav	3564
tjansen	3565
szegedia	3566
rajeevs	3567
edson	3568
Banana	3569
colbell	3570
slogan	3571
btenison	3572
martinicus	3573
longhunt	3574
abstrakt	3575
LordChaos	3576
presroi	3577
Aardvark	3578
Ax0n	3579
loopback	3580
vercingetorix	3581
dbarth	3582
Rajiv	3583
yaubi	3584
risacher	3585
davidfv	3586
jsisam	3587
jdelacueva	3588
mkrus	3589
nowonder	3590
nas	3591
vipulmathur	3592
lobbin	3593
tmiket	3594
pabas	3595
pabos	3596
whump	3597
Platypus	3598
AGL	3599
icepick	3600
mojotoad	3601
santtu	3602
bergie	3603
medio	3604
caelyx	3605
waterbiscuit	3606
rares	3607
johnb	3608
savs	3609
Damian	3610
youngsd	3611
freequi	3612
aidan	3613
DragonFaX	3614
perky	3615
shakthimaan	3616
anandbabu	3617
wa1er	3618
rainer	3619
chrislangreiter	3620
Pistos	3621
manveru	3622
zordor	3623
carlosgc	3624
jmk	3625
alonsoac	3626
Ivee	3627
foster	3628
castagna	3629
danja	3630
pibizza	3631
selmux	3632
iso88956	3633
awu	3634
nkaiser	3635
aerry13	3636
jimdabell	3637
mw	3638
kwa	3639
NikDoof	3640
nsayer	3641
chris	3642
dannyboy	3643
bmilekic	3644
cortex	3645
stratus	3646
waycomm	3647
vadim	3648
cgruber	3649
danf	3650
alf	3651
trellis	3652
fezzik	3653
jeffcoat	3654
serlis	3655
wjlr	3656
dannygva	3657
jeorgen	3658
Schemer	3659
markjugg	3660
davegaramond	3661
trj	3662
jedigeek	3663
eru	3664
slartibartfast	3665
roffe	3666
murr	3667
trudelle	3668
dondy	3669
mattwest	3670
rlotz	3671
kernel	3672
cfusillo	3673
minorityreport	3674
michael383	3675
Ilyanep	3676
hisham	3677
rpl	3678
mathias	3679
Itsik	3680
tyoung	3681
bknotts	3682
dotom	3683
thraxil	3684
uwe	3685
wbb4	3686
metal	3687
akb	3688
ttroxell	3689
wsargent	3690
coke	3691
Piro	3692
sholly	3693
johnh6	3694
thenorthpole	3695
Diane	3696
skim	3697
jjmarin	3698
atporter	3699
Reboot	3700
nikai	3701
colinleroy	3702
mones	3703
gmcgarry	3704
lkundrak	3705
marevalo	3706
deepblue	3707
rifaiyah	3708
steelrose	3709
alexkoval	3710
Terri	3711
yaco	3712
vryl	3713
mparaz	3714
vasudevram	3715
exwired	3716
amithadke	3717
eglass1	3718
shownet	3719
bsdgabor	3720
infofarmer	3721
delphij	3722
Gruber	3723
wraith	3724
ewirt	3725
rjrodger	3726
Orion	3727
allenjs	3728
spacehunt	3729
jashley	3730
Aaaarti	3731
leroux	3732
cacharbe	3733
jrincayc	3734
Spyro	3735
Antoine	3736
chesky	3737
dazman	3738
yournamehere996	3739
dm	3740
roku	3741
remohammadi	3742
mikewarren	3743
skizz	3744
fault0	3745
risi	3746
krylan	3747
Verement	3748
sebas	3749
longint	3750
sw	3751
jackson	3752
danielsmw	3753
frito	3754
jet99	3755
jah	3756
borud	3757
psypete	3758
deego	3759
uzume	3760
BitchKapoor	3761
Krellan	3762
arnabdotorg	3763
Locave	3764
tero	3765
poombah	3766
chorizo	3767
stoddard	3768
Yugo0118	3769
rdp	3770
ARepty	3771
MarkAtwood	3772
aratyle06	3773
AustinBlues	3774
w4r	3775
andrewb	3776
eldeguzman	3777
lemoran	3778
jferguson	3779
fenrir	3780
gst	3781
wulfrano	3782
Denzuko	3783
alecf	3784
mlaier	3785
huntsman84	3786
mvakkalagadda	3787
jproulx	3788
RpJ	3789
teixi	3790
pnambic	3791
gek0	3792
arauzo	3793
mabaimportexport	3794
cce	3795
Noryungi	3796
presbrey	3797
thedward	3798
ylith	3799
jluke	3800
rhestilow	3801
ean	3802
meebey	3803
anandpur	3804
jefft	3805
trhall	3806
Alquimista	3807
kracker	3808
dizyn	3809
PostPaul	3810
JSjoholm	3811
Quique	3812
Mrleejohn	3813
danieldk	3814
tushti	3815
mattlesko	3816
fredf	3817
gsbgeek	3818
fox	3819
porfiry	3820
cableangel	3821
simba	3822
olm	3823
jedi	3824
tbradford	3825
jkl	3826
render	3827
slackfive	3828
object	3829
dolphin	3830
tklancer	3831
morte	3832
jetm	3833
dazk	3834
kernelrahl	3835
KrazyKiwi	3836
rangerrick	3837
chaoticset	3838
billgates	3839
CelestialWizard	3840
Snowie	3841
aizatto	3842
jeffebert	3843
seancarroll	3844
dikini	3845
pauly	3846
mlw	3847
meni	3848
cfuentea	3849
rae	3850
benoit	3851
oubipaws	3852
sdrees	3853
Krelin	3854
aWaterman	3855
billjee	3856
liberador	3857
adiffer	3858
sgore	3859
mcgroarty	3860
StormCrow	3861
kyotone	3862
pete	3863
psdie	3864
hoatuka	3865
rasha	3866
robc	3867
kro	3868
feanor	3869
jpb	3870
freez	3871
jonsy	3872
ensc	3873
Vapour	3874
kuntown	3875
static	3876
varf	3877
mgonzalez	3878
donour	3879
smorar	3880
witness	3881
jmd	3882
wez	3883
Reampage	3884
paul	3885
Sam	3886
ximbico	3887
jaded	3888
fabien	3889
lukas	3890
hito	3891
frehberg	3892
poelzi	3893
wilmer	3894
jblack	3895
wvholst	3896
mvberkum	3897
ricki	3898
ndoreka	3899
bjornen	3900
knight	3901
grumbel	3902
ozabluda	3903
saju	3904
asierra	3905
kvaneesh	3906
bahner	3907
Dougster	3908
rkroll	3909
nobse	3910
shaneo	3911
cnb	3912
tmorgan	3913
sthippo	3914
cowboy	3915
brejc8	3916
oku	3917
xxv	3918
jasonhaislmaier	3919
uzadow	3920
echristo	3921
jevans1967	3922
dlweinreb	3923
obartunov	3924
stanshebs	3925
zagor	3926
balajirrao	3927
marcioandreyoliveira	3928
SabineMcNeill	3929
jpereira	3930
golbeck	3931
raz	3932
rcardenes	3933
redrobin	3934
samurai	3935
mozext	3936
kkennedy	3937
huiyuan	3938
MeMyself	3939
foo	3940
spiralx	3941
auntfloyd	3942
fdivbug	3943
arunkd13	3944
tite	3945
darkheavy	3946
dlecorfec	3947
ralph	3948
benjl	3949
kraant	3950
daltexembasco	3951
zoia	3952
olmir	3953
alexmerz	3954
rstacey	3955
avatar	3956
yrashk	3957
m0ck	3958
impulse	3959
gibber	3960
kanaka	3961
AlexBosworth	3962
white	3963
moodster	3964
truman	3965
robertdickenson	3966
b0at	3967
Demie	3968
icherevko	3969
eduardok	3970
tierra	3971
salman	3972
Francisco	3973
wolfrider	3974
dimi	3975
Clevinho	3976
FatDaemon	3977
RussGarrett	3978
phidauex	3979
andete	3980
wilkason	3981
rose	3982
martinez	3983
daverd	3984
anlprb	3985
jamuraa	3986
Abhas	3987
wikier	3988
smellyfish	3989
darek	3990
devnut	3991
airchild	3992
foozmeat	3993
jsheehy	3994
Wheelchairbum	3995
greydaphne	3996
robbie	3997
emre	3998
ghostbar	3999
apeiro	4000
modus	4001
revoquer	4002
allenchen	4003
mjcjunior	4004
satrac	4005
damo	4006
BeeWarlock	4007
codic	4008
sporq	4009
rcaelers	4010
salmo	4011
yangke	4012
taranga	4013
mussi	4014
matrix	4015
bkkx	4016
zhp	4017
nornCabor	4018
mesozoic	4019
jafo	4020
Namosui	4021
essallen	4022
xm	4023
is	4024
mfortier	4025
nwertman	4026
jbucata	4027
elho	4028
Lehrig	4029
ema	4030
solarion	4031
rzyjontko	4032
armin	4033
joaovianna	4034
guardian	4035
mrchrist	4036
geertjan	4037
naima	4038
sparkman	4039
psyK	4040
worker	4041
gekked	4042
JaxBriggs	4043
horton	4044
rock	4045
wolf2zero	4046
popovich	4047
purp	4048
toxickore	4049
imcsk8	4050
cheesecake	4051
rluta	4052
joaop	4053
orcmid	4054
anselm	4055
rajesh02	4056
captnmark	4057
FreeTinker	4058
allotrope	4059
mps	4060
aoreana	4061
rix	4062
pinto	4063
Fleedwood	4064
fusion94	4065
AndyCater	4066
bluets	4067
eukreign	4068
codetoad	4069
daiwalkr	4070
cilux	4071
Isomer	4072
crimson	4073
zero	4074
arafel	4075
gohigh	4076
jharper	4077
robby	4078
rael	4079
araumntl06	4080
peat	4081
madrid	4082
FreThnkr	4083
swngnmonk	4084
ivey	4085
gr3g	4086
WileECoyote	4087
shreeve	4088
thunder	4089
robweir	4090
mcroydon	4091
myelin	4092
kayra	4093
arb33	4094
mca	4095
leibnitz27	4096
hudson	4097
ftobin	4098
xsandro	4099
spuk	4100
buzco	4101
segfault	4102
ara0b36	4103
axehind	4104
rbp	4105
outlet	4106
noumena9	4107
qwertyboy	4108
caf	4109
GnuOwned	4110
patux	4111
distobj	4112
spetschu	4113
dennis	4114
giros	4115
sharp	4116
bpt	4117
tevaum	4118
sford	4119
nickshanks	4120
vuln	4121
adamd	4122
partain	4123
mculbertson	4124
flip	4125
bbh	4126
dmitri	4127
dma	4128
andrelop	4129
ashams	4130
bdauvergne	4131
sah	4132
dlowe	4133
mahirsar	4134
bobanb	4135
cevans	4136
tader	4137
oktal	4138
Arrowhead	4139
Air	4140
pearlbear	4141
vt3	4142
gagzilla	4143
dougt	4144
waterson	4145
slamm	4146
kappa	4147
silva	4148
hobbs	4149
chrisb	4150
weinholt	4151
guaka	4152
phauly	4153
phaulyx	4154
jxe	4155
snkr	4156
jwdeep	4157
nletwory	4158
gw666	4159
limitln	4160
bgm	4161
Twylite	4162
albert	4163
dannu	4164
dinodrac	4165
johnrowan	4166
twistor	4167
MadHat	4168
nrf	4169
sgarrity	4170
fnegroni	4171
maxkir	4172
dko	4173
smw	4174
higb	4175
Tester	4176
bokane	4177
Zurk	4178
ari	4179
danielk	4180
morphex	4181
dwave	4182
geoffeg	4183
lhl	4184
eross	4185
jimwelch	4186
viwe	4187
penguin42	4188
nacho	4189
Rediscover	4190
james	4191
doozer	4192
sarum	4193
osama	4194
veltzer	4195
Smerb	4196
topquark	4197
arozell	4198
christafano	4199
informer	4200
bluelip	4201
methodMatthew	4202
sprite	4203
flgr	4204
kjw	4205
autrijus	4206
bignose	4207
achan	4208
rzafarani	4209
aargh	4210
jc	4211
dutky	4212
lior	4213
nriley	4214
julesh	4215
Dougiamas	4216
kishorebalakrishnan	4217
rufius	4218
gnewton	4219
syberghost	4220
gene9	4221
hackery	4222
dimuthu	4223
dsowen	4224
BoBB	4225
apollo11	4226
everaldo	4227
fike	4228
TomHornson	4229
Qef	4230
keanst	4231
araaraodgearas06	4232
Gimptek	4233
mau	4234
chipster	4235
lhorn	4236
gblock	4237
WindPlume	4238
chrisp	4239
Logu	4240
tmokros	4241
prenagha	4242
abingham	4243
shayboob	4244
vivek	4245
beens	4246
hasienda	4247
jmellen	4248
ahmedjado	4249
scald	4250
Gandhi	4251
yole	4252
zenda	4253
Neron	4254
kairo	4255
chrisbolt	4256
les2	4257
loge	4258
dgerstma	4259
kronenpj	4260
ghostrider	4261
madvogato	4262
macanudo	4263
ronnyg	4264
sync	4265
balise	4266
KC7591	4267
tgw	4268
ebrahim	4269
hazmat	4270
IOerror	4271
Sylvia	4272
wubby	4273
kjk	4274
mss	4275
Hans	4276
octane	4277
soohrt	4278
andyc	4279
imbe	4280
brainwithheart	4281
freyther	4282
mickeyl	4283
aesiamun	4284
jat	4285
xshao	4286
grupis	4287
caringi	4288
blather	4289
marnix	4290
norm	4291
phplev	4292
zecke	4293
cdcarter	4294
gluegadget	4295
rainbow	4296
johanlau	4297
hackfs	4298
mochel	4299
popeclayton	4300
visari	4301
ceteri	4302
karlb	4303
momo	4304
raboof	4305
1974	4306
n6708r	4307
mjands	4308
ozone	4309
vikashkodati	4310
gregheartsfield	4311
jstepien	4312
alexs	4313
varquiel	4314
samo	4315
mreinsch	4316
mrdek11	4317
brainsik	4318
jamoore	4319
inmean	4320
Zeta	4321
Jpeefer21	4322
kirjanov	4323
mattam	4324
anewsome	4325
nym	4326
prabhak	4327
kschrade	4328
fuzzie	4329
zephc	4330
apathy	4331
burkele	4332
thinq	4333
mannu	4334
flashjia	4335
Uranus	4336
bob	4337
twit	4338
kalle	4339
emil	4340
bucky	4341
Antonomasia	4342
gbroiles	4343
Safari	4344
emag	4345
mhamrick	4346
faisal	4347
hardcorebit	4348
yarbles	4349
wseltzer	4350
pecka	4351
itsme	4352
denisianum	4353
stark	4354
doggla	4355
geoff	4356
nagya	4357
Wempo	4358
frozen	4359
Randakar	4360
gazook	4361
timbacon	4362
nat	4363
NickD	4364
lllmanulll	4365
wmat	4366
flort	4367
czw	4368
kelimek	4369
fridge	4370
weddy	4371
rorschach	4372
more	4373
boner	4374
sjourdois	4375
bwtaylor	4376
cribeiro	4377
icblenke	4378
sherm	4379
neugens	4380
secabeen	4381
racer	4382
jpm	4383
rakeshnagar	4384
Unfittable	4385
jelle	4386
lstep	4387
babar	4388
thecodekeeper	4389
smarceau	4390
oa	4391
Rasputin	4392
jmaes	4393
mbm	4394
L3ECH	4395
liquid	4396
ajg	4397
adiabatic	4398
winlineau	4399
zaher	4400
stephus	4401
tackat	4402
kandalf	4403
miro	4404
rednix	4405
seanod	4406
candice	4407
wxr	4408
frolic	4409
beraldo	4410
enerv	4411
ruoso	4412
henning	4413
rimboy	4414
aryeh	4415
savod	4416
neek	4417
openbsd	4418
Kailer	4419
hal	4420
jojo	4421
stoney	4422
cmeyer	4423
lee	4424
sturob	4425
lightholder	4426
gampid	4427
mjreilly	4428
muks	4429
PhilipHunt	4430
wildman	4431
cdjones	4432
praecx	4433
lercio	4434
hjthiess	4435
pphong99	4436
nelu2000	4437
rat02	4438
koNrads	4439
grok	4440
akf	4441
mattj	4442
werneck	4443
moibus	4444
gerry	4445
mbatsis	4446
firebright	4447
codex	4448
pschork	4449
dnedelko	4450
bignose2003	4451
rc	4452
bradm	4453
satriani	4454
roboros	4455
omar	4456
Soren	4457
rgregory	4458
deviana	4459
betasam	4460
bukys	4461
virutass	4462
Eowin	4463
dabeej	4464
desrt	4465
monkeyboy121	4466
FreeHermit	4467
nayaniabhishek	4468
TheBean	4469
wugger	4470
Lynggaard	4471
wilhelm	4472
nkirsch	4473
glaucius	4474
tss	4475
dhruva	4476
gautamg	4477
yavo	4478
trejkaz	4479
berkus	4480
phillupbanks	4481
voland	4482
latent	4483
DANlEL	4484
hacracker	4485
jbarroso	4486
pedroas	4487
ajc	4488
aaronmalone	4489
cynicz	4490
pobk	4491
AsHeS	4492
gnudist	4493
gjb	4494
RyanHeise	4495
andrewgilmartin	4496
sindian	4497
frcecin	4498
grahagre	4499
yang	4500
mhoemmen	4501
yoper	4502
gene99	4503
lotia	4504
solitaire	4505
vworld	4506
TiMax	4507
mlemos	4508
cesar	4509
pvalchev	4510
isamar	4511
guidob	4512
accdias	4513
quentin	4514
live	4515
thrx	4516
flavio	4517
manojkabre	4518
mark85	4519
adp	4520
Grey3	4521
jscheinblum	4522
corran	4523
jsinger	4524
billgr	4525
TexArcana	4526
ReDragon	4527
Prakash	4528
chergib7	4529
joansf	4530
dsainty	4531
Uberdog	4532
pknodle	4533
chau123	4534
broman	4535
haroldhunt	4536
phooky	4537
Napoleon	4538
LeeJay	4539
deryni	4540
faceprint	4541
joel	4542
rkr	4543
jwoolley	4544
toddboyle	4545
gognoos	4546
cAVEman	4547
carpedata	4548
conio	4549
yusuf	4550
Tobias	4551
wren	4552
miknight	4553
jelwell	4554
Katja	4555
Albrecht	4556
Sadi	4557
sgala	4558
LLS924	4559
haleycorporation	4560
ehliar	4561
zhuzhu	4562
infinite	4563
madduck	4564
kalvinet	4565
lorenzohgh	4566
ygh	4567
valis	4568
sd	4569
rdw	4570
cjsnell	4571
YardCow	4572
McLone	4573
trdknight	4574
loudici	4575
wul	4576
scoop	4577
tcurtis	4578
sxpert	4579
nlevitt	4580
sigurd	4581
drfred	4582
max232	4583
pty	4584
shepard	4585
romancillo	4586
maulani	4587
kevlo	4588
rmayorga	4589
dgadelha	4590
okhlandman	4591
evertonsm	4592
larsk	4593
jds	4594
rsp	4595
rsharpe	4596
mglauche	4597
kjetilk	4598
sehe	4599
jbaker	4600
the9ull	4601
cliffhall	4602
moschel	4603
nikolay	4604
vedge	4605
Khen1950fx	4606
ScriptDevil	4607
juhp	4608
ssp	4609
dpb	4610
kennyluck	4611
audriusa	4612
gesslein	4613
zophyx	4614
jdl	4615
darsal	4616
rx	4617
nile	4618
markhy	4619
exxos	4620
Egg	4621
aturner	4622
mitchb321	4623
Lothar	4624
jaco	4625
donky	4626
pugfantus	4627
dewdrops	4628
itodd	4629
eibner	4630
911turbo	4631
squinky	4632
sporty	4633
jlm30	4634
manik	4635
wayne	4636
bushing	4637
mgsloan	4638
hugo	4639
nm	4640
joern	4641
jaswinder	4642
luisfelipe	4643
vruz	4644
aredridel	4645
berthu	4646
iagorubio	4647
oneiros	4648
katim	4649
tansaku	4650
madcat	4651
vpatryshev	4652
gburnett	4653
caseyg	4654
ims	4655
simeon	4656
aether	4657
edges	4658
daouda	4659
scottg	4660
eldamitri	4661
plevy	4662
lbell	4663
daver	4664
adwyer	4665
caruzo	4666
mikal	4667
masilva	4668
nix	4669
bradrussel	4670
jdike	4671
pa1et	4672
dynamis	4673
damayeremi	4674
pjc50	4675
pwlfong	4676
up2date	4677
csa	4678
Strike	4679
lololix	4680
pelcastre	4681
exvita	4682
feyd	4683
adaoraul	4684
wallace	4685
Nurf	4686
RJ11	4687
TheGiver	4688
dej	4689
netnut	4690
Dauphin	4691
sauron	4692
mkraemer	4693
fanf	4694
eieio	4695
indiox	4696
cavok	4697
liam	4698
anudin	4699
lev	4700
kelley	4701
phpbitch	4702
elmarco	4703
tristan	4704
Sandesh	4705
MaciDoido	4706
neilt	4707
drjekyll	4708
nhoizey	4709
aniruddha	4710
amberpalekar	4711
justinjs	4712
cos	4713
vinylrecord	4714
dvdeug	4715
kain	4716
jasperla	4717
otto	4718
RichCoder	4719
amigadave	4720
shevek	4721
redsquirrel	4722
kylegordon	4723
rayking71	4724
arafleming26	4725
Rippit	4726
abelrg	4727
clint	4728
theTsar	4729
jmonteiro	4730
ThiagoHarry	4731
rkoleff	4732
crocker	4733
forester	4734
polli	4735
hanksdc	4736
sgithens	4737
mathgenius	4738
usmile1	4739
kjwoo	4740
orique	4741
jgw	4742
helmut	4743
obiltschnig	4744
tonyyarusso	4745
ciphergoth	4746
bluelizard95	4747
her	4748
timezero	4749
deanjx	4750
ubiquitin	4751
mordormx	4752
fmar	4753
yyu08	4754
egerbier	4755
Vany05	4756
pm	4757
danieI	4758
vinn	4759
Poole	4760
ferengi	4761
yanalisa	4762
jaques	4763
trout	4764
javiers	4765
hantulab	4766
kpyle	4767
jukal	4768
zakihassan	4769
riq	4770
vgedris	4771
Excalibor	4772
lwillis	4773
marcwolf	4774
hqm	4775
mrbrown	4776
steve	4777
LosHawlos	4778
schlumpf	4779
Sanaya	4780
buffy	4781
willow	4782
joecamel	4783
hniss	4784
pistoschristou	4785
aerickson	4786
ambx1	4787
entireboy	4788
mrasydan	4789
EmpireDream	4790
jwilson	4791
tflynn	4792
satyap	4793
angcui	4794
lyb	4795
jgbillings	4796
yusufg	4797
makki	4798
nixx	4799
haip	4800
jpritikin	4801
djinn	4802
dchirita	4803
soroq	4804
eliab	4805
reuven	4806
jcolinzheng	4807
Philipp	4808
vern	4809
Glanz	4810
execve	4811
gibus	4812
kangoo	4813
grimm	4814
badxboy	4815
rpelcastre	4816
spybreak	4817
huffduff	4818
24ktchocolate	4819
Urs	4820
jamieo	4821
Childe	4822
FlessYillf	4823
dragotown	4824
Frums	4825
haggen	4826
geofflane	4827
macsen	4828
hns	4829
ahsan	4830
lovetodisha	4831
drariel	4832
sanyaade	4833
oktaya	4834
danilo	4835
drivera	4836
copsewood	4837
jansegers	4838
naveen	4839
logart	4840
mpichew	4841
mjc	4842
agroteckmoder	4843
jeffzo	4844
myers	4845
zack	4846
eddie	4847
del	4848
786	4849
sjbrown	4850
yam	4851
raju	4852
sandwichmaker	4853
mander	4854
steveoc	4855
adb	4856
thalakan	4857
apply	4858
udim	4859
TonySidaway	4860
ADDSATAN	4861
veblen	4862
kennyt	4863
trieder	4864
dmuz	4865
nion	4866
rss	4867
bryam	4868
vinsci	4869
omrimaster	4870
rbagchi	4871
bjc	4872
jkinsella	4873
sommere	4874
blackamon	4875
Eli	4876
mukul	4877
juran	4878
milkman	4879
shifter	4880
guerby	4881
roundeye	4882
sublum	4883
dmm	4884
flatcap	4885
imarsman	4886
hachi	4887
Daagaak	4888
juanpri	4889
gnu	4890
chadfowler	4891
bjr	4892
postwait	4893
mathie	4894
jmbesnard	4895
booyaka	4896
zenalot	4897
jsn	4898
irbis	4899
kcbark	4900
lidl	4901
mbacarella	4902
airlied	4903
mdub	4904
joe566	4905
kasan	4906
wilane	4907
zefnd	4908
shrooti	4909
ddhulla	4910
bescoto	4911
papineau	4912
takis	4913
joshferraro	4914
larspind	4915
chrishowells	4916
xor	4917
echeslack	4918
jgrahamc	4919
opum	4920
trygvis	4921
GregoryBrown	4922
Hossein	4923
efraim	4924
wastrel	4925
rjo	4926
coolvibe	4927
lola2	4928
lola	4929
chickenass	4930
Josiah	4931
giraffe949	4932
Juln	4933
paddbear	4934
fbomb	4935
mrbacon	4936
cbm	4937
uesugi	4938
motb	4939
kang	4940
TheRAt	4941
millis	4942
brad	4943
drasko	4944
madddog	4945
fstanchina	4946
dcormier	4947
ricky	4948
reedstrm	4949
perlpimp	4950
laymusic	4951
bdelacretaz	4952
ike	4953
squrl	4954
anikula	4955
hscholz	4956
drgalaxy	4957
medined	4958
mattmcp	4959
gozer	4960
skeeter	4961
ld	4962
dglo	4963
fboya	4964
mbj	4965
ElMoro	4966
ReCoN	4967
yoavw	4968
FyreMoon	4969
bigbuba	4970
johnjones	4971
ar	4972
fbarros	4973
Suvarov454	4974
ebzzry	4975
premchai21	4976
Elvis	4977
heri0n	4978
rahrenstorff	4979
mlinksva	4980
loosifer	4981
eikfaise	4982
draco	4983
tthomas48	4984
liammcfarland	4985
synergenesis	4986
rederpj	4987
Sharath	4988
pacotron	4989
tzt	4990
numist	4991
cbricart	4992
rmyers	4993
tydel	4994
evargas	4995
mcbridematt	4996
dixon	4997
finn	4998
twleung	4999
toto	5000
Incognegro	5001
evans	5002
macmarcel	5003
burghardt	5004
GabrielSaldana	5005
bataforexport	5006
olecom	5007
mbarkhau	5008
amatus	5009
philiph	5010
pengjiayou	5011
Jasper1984	5012
wtanaka	5013
jbrefort	5014
peliom	5015
netawater	5016
alvinj	5017
mpolla	5018
descubes	5019
RalphJohnson	5020
zon	5021
rajeev	5022
xriso	5023
rcade	5024
aDarkling	5025
Echelon	5026
SeaDragons	5027
das	5028
Marooned	5029
tresoldi	5030
kir	5031
scarroll	5032
SahajMaituna	5033
gek	5034
mathcome	5035
jw	5036
Anarchy	5037
david	5038
foolswisdom	5039
justice	5040
liuqiuzhen	5041
yuedongd	5042
jtangney	5043
me2advogato	5044
iscxb	5045
talkngtn	5046
seachina	5047
cormac	5048
AntiMatter	5049
noahbentusi	5050
LukeCrawford	5051
kr	5052
dpk	5053
merriam	5054
jsled	5055
halcyon	5056
joshb	5057
jorgearcas	5058
voldure	5059
feik	5060
maxx	5061
wald	5062
zer0	5063
rama	5064
elf	5065
dotop	5066
owl	5067
pstav	5068
jfreak	5069
abi	5070
qiliu	5071
desrod	5072
pauldoo	5073
wahlau	5074
tvachon	5075
SamHill	5076
Mneme	5077
wgayton	5078
rookie	5079
boodle	5080
Foxwolfen	5081
NoBoDy	5082
Requinix	5083
arafaraost56	5084
Bleep	5085
jsloderbeck	5086
jedinite	5087
Persiflage	5088
rhyre	5089
mindcrime	5090
arm	5091
rik	5092
stakos	5093
squid	5094
jonsmirl	5095
chase	5096
ovg	5097
theno23	5098
jbparker	5099
opx	5100
andyh	5101
mag	5102
DerekRader	5103
citygirl16	5104
jcdlondon	5105
Denor	5106
Affero	5107
garron	5108
tom	5109
inherit	5110
yugami	5111
rgammans	5112
VZ	5113
jaacole	5114
wwp	5115
angch	5116
viper	5117
Bostjan	5118
kessell	5119
nashif	5120
twcook	5121
dinhthuy	5122
sgf	5123
scryer	5124
jschurger	5125
Ornicar	5126
FearL0rd	5127
basta	5128
disfalling	5129
KiddieGrinder	5130
xrays	5131
adl	5132
jcohen	5133
ddkilzer	5134
frog51	5135
xshadow	5136
goblin	5137
keck	5138
Sjoholm	5139
runen1971	5140
Tottigol	5141
jedd	5142
lynx	5143
ish	5144
surrationals	5145
Yoshi	5146
K2	5147
bgreat	5148
lovage	5149
shrub	5150
piyushsag	5151
dbuttric	5152
Malevolyn	5153
Bongfish	5154
tsauter	5155
sts	5156
dbartold	5157
doobee	5158
Peetrap	5159
bogon	5160
alexborges	5161
kazkylheku	5162
tglx	5163
gustavos	5164
cenobyte	5165
drivelSpigot	5166
RiscTaker	5167
morance	5168
gnuandrew	5169
burito	5170
shaj	5171
b69	5172
tinus	5173
benoitdm	5174
schlouse	5175
Sawb	5176
shayne321	5177
Pottis	5178
freetux	5179
wb8tyw	5180
trbecker	5181
francisca	5182
self	5183
filslo	5184
Yosi	5185
soulhuntre	5186
3	5187
Steelhead	5188
truongvasi	5189
pgavin	5190
gears	5191
samfw	5192
osfameron	5193
Twilight1	5194
McDMaster	5195
ngps	5196
rahul	5197
ewsdk	5198
calennert	5199
swc	5200
jdum	5201
hgolden	5202
student	5203
byone	5204
axlnikon	5205
sedawkgrep	5206
AxelB	5207
nainauy	5208
johnd	5209
bulldog	5210
MyCustomWeb	5211
umanets	5212
Stiivi	5213
danielwang	5214
alin	5215
pmb	5216
hakan	5217
Lery	5218
ghutchis	5219
benjack	5220
BoonDock	5221
st1	5222
colleendecourcy	5223
asanchez	5224
vt	5225
iraw	5226
vineethm	5227
ora	5228
BenBun	5229
SooTy	5230
silver	5231
btv	5232
khashayar	5233
hyle	5234
fismith	5235
modred	5236
anhinga	5237
dams	5238
aduncan	5239
ru	5240
sakhi	5241
Graeme	5242
qta	5243
aratee76	5244
patricka	5245
adamdunkels	5246
dgarcia	5247
matthew	5248
mcjason	5249
TerrelShumway	5250
bhaskarOnline	5251
anser	5252
mazzabr	5253
aviram	5254
gregorb	5255
Bcorr	5256
mvevers	5257
maxsi	5258
Walter	5259
surav	5260
netfighter	5261
gambuzino	5262
jme	5263
rattus	5264
zeeman	5265
vincentvatter	5266
interiot	5267
cjoh	5268
atrn	5269
jlatour	5270
fbscarel	5271
osewa77	5272
dh	5273
jeff	5274
Erebus	5275
alisa	5276
draven	5277
zmin	5278
ptk	5279
schouw	5280
kelnos	5281
sofar	5282
Vinnl	5283
araeed156	5284
redhog	5285
spl	5286
sergio	5287
gch	5288
hornbeck	5289
hrishi	5290
grem	5291
davep	5292
toady	5293
brianisinfifthgrade	5294
muzammil	5295
jed	5296
ahiliation	5297
Avail	5298
amledin	5299
wordmonkey	5300
lusop	5301
bradyn	5302
dairiki	5303
cit	5304
tojabr	5305
tm2	5306
aeg	5307
immortal	5308
puzzled	5309
schweikert	5310
ypwong	5311
simonzhan	5312
srw	5313
StephanPeijnik	5314
chneukirchen	5315
rsync	5316
classen	5317
petree	5318
sutic	5319
kobra	5320
DaveMalcolm	5321
tomasf	5322
hussein	5323
steinn	5324
casey	5325
codebuster	5326
jure	5327
markos	5328
dscribner	5329
klaus	5330
mattice	5331
mauser	5332
JSeger	5333
suzi	5334
jackoms	5335
gokohnert	5336
SAMIRHARATY	5337
hal9000	5338
wyattearp	5339
reb	5340
gitm	5341
varelse	5342
adrianbye	5343
Curious	5344
frob	5345
cwilson	5346
scw	5347
cuteonly4u89	5348
Doobie	5349
LordShrill	5350
djung	5351
idallen	5352
ienna	5353
icewarriorlady	5354
risa	5355
pulsar	5356
creep	5357
negro	5358
moronis	5359
rmolina	5360
leuce	5361
HamishLawson	5362
markpratt	5363
ernani	5364
hildeb	5365
innerfire	5366
bigpaul	5367
toniw	5368
shwag	5369
rmach	5370
sonoffreak	5371
ianaverybryant	5372
straznp	5373
tom2	5374
kg6cvv	5375
rajasheker	5376
crulx	5377
tuxist	5378
criley	5379
laxdragon	5380
bbrock	5381
mskranz	5382
fedork	5383
rafiq	5384
StreetSlang	5385
robbat2	5386
liff	5387
jaseb	5388
Killerbees	5389
myc	5390
jmp	5391
DiamondChula25	5392
etc	5393
brycec	5394
mental	5395
Acolon	5396
SattVic2uShaoyin	5397
Kishore	5398
Jerub	5399
sirinath	5400
buba	5401
koyo	5402
JesseBlue	5403
zecke2	5404
Linegod	5405
timbu	5406
schumaml	5407
moore	5408
DiegoDiaz	5409
jeyk	5410
ordinary	5411
demacintosh	5412
color	5413
m0rbid	5414
mornlee	5415
ted	5416
djcapelis	5417
aseigo	5418
grldshmkr	5419
aaaa	5420
jmr	5421
rat	5422
shrao	5423
msmarcal	5424
macypa	5425
Shizukesa	5426
Shaman	5427
sadam	5428
binbrain	5429
acoster	5430
syl	5431
drs	5432
major	5433
rogoyski	5434
RSevrinsky	5435
maverick	5436
bcc	5437
dln	5438
dmcc	5439
cstross	5440
bugbiter	5441
rengolin	5442
aldo	5443
BigNachos	5444
cowbutt	5445
mohamed	5446
omidmottaghi	5447
codehelp	5448
luk	5449
mwright	5450
far	5451
amberarcher	5452
muniery	5453
franciosi	5454
mario	5455
miconof	5456
itadmin	5457
arasole86	5458
victorw	5459
ricborn	5460
sychon	5461
gilbert	5462
cl135429	5463
Mac	5464
girishpundlik2005	5465
Rin	5466
guttu	5467
mattgerg	5468
robosha	5469
lyma	5470
joone	5471
gmoore	5472
Highlander	5473
frieseltine	5474
ara0d206	5475
andago	5476
nethescurial	5477
Jayniz	5478
whitinger	5479
phessler	5480
dent	5481
chuckw	5482
Whizziwig	5483
amit	5484
audioNate	5485
stevegt	5486
sydelko	5487
kennell	5488
Morendil	5489
CJA	5490
rvr	5491
LightArk	5492
aratype26	5493
konos	5494
nodata	5495
river	5496
cushman	5497
stevecassidy	5498
Helvetix	5499
gdgupta	5500
yob	5501
tc	5502
angelk	5503
cest	5504
InceptionOS	5505
Djarid	5506
Bee	5507
hald	5508
saidcommercial	5509
Andree	5510
zedek	5511
tiago	5512
immunizer	5513
void1	5514
void	5515
pevva	5516
moc	5517
munk	5518
yositune	5519
alpha	5520
thagale	5521
thibaut	5522
ciropom	5523
amey	5524
almuric	5525
AndreasK	5526
ezzeldingod	5527
leshert	5528
fervp	5529
ym1983	5530
billsb	5531
iceman	5532
morteza	5533
i386	5534
mahanare	5535
kih	5536
sethg	5537
aq	5538
gopi	5539
bombastic	5540
caro	5541
kers	5542
kongyew	5543
springfield	5544
het	5545
BlueJeanbaby9372	5546
seanl	5547
zcbmzcbm	5548
magog	5549
jlof	5550
mcoletti	5551
rpm	5552
initself	5553
nobby	5554
godefroy	5555
Anguo	5556
LetterJ	5557
pbirmingham	5558
bmann	5559
owrede	5560
karingo	5561
jmcg	5562
locust	5563
fhief	5564
HansWolters	5565
mustafa	5566
magKong	5567
TimCook	5568
FungosBauux	5569
davidd	5570
c7g	5571
boski66	5572
dtight	5573
typo	5574
godfather	5575
powertech	5576
zor0n	5577
aleck	5578
JulianM	5579
shew	5580
baden	5581
AntiTuX	5582
panner	5583
doguglasdel	5584
nleitao	5585
nenolod	5586
memeyou	5587
TheRoxo	5588
deric	5589
freephile	5590
toma	5591
offensive	5592
oghinet	5593
vigu	5594
texaspbig	5595
djmaucom	5596
juliux	5597
ptwithy	5598
henrique	5599
sindoc	5600
cddr	5601
lohengrin	5602
njerpe	5603
thatha	5604
acj	5605
thouters	5606
cheery	5607
nihed	5608
jmbr	5609
tx0	5610
Skout	5611
cvr	5612
neelk	5613
kadoubek	5614
elmuerte	5615
tinixtech	5616
ringmaster	5617
smokris	5618
quasi	5619
hugoduncan	5620
zitterbewegung	5621
AlisonW	5622
NgoThanhNhan	5623
CaptSolo	5624
salaty	5625
woggel	5626
rosorio	5627
chrismear	5628
serverhorror	5629
jhelwig	5630
logicfee	5631
gjhiggins	5632
ottok	5633
mehrabun	5634
ws4u	5635
nilarimogard	5636
xekoukou	5637
Dianora	5638
tylergillies	5639
bmericc	5640
gtklocker	5641
bramsey	5642
stackpopper	5643
thexplorer	5644
f1r3br4nd	5645
noeld	5646
Archeron	5647
jk	5648
mercoeur	5649
dltxprt	5650
shinta	5651
aal	5652
wnoise	5653
mis	5654
coffelius	5655
percious	5656
tuxzone	5657
emartel	5658
AvEng	5659
onegeekadvogato	5660
pupq	5661
jwhiter	5662
karinkoopmans	5663
maketo	5664
Dartanyan	5665
mjstahl	5666
lpolzer	5667
zodiac	5668
paco	5669
Miham	5670
jaygray	5671
pixelcort	5672
sidr	5673
NoWhereMan	5674
scamm420	5675
seeker	5676
ivar	5677
ron4ld	5678
tchambery	5679
vboctor	5680
bko	5681
budhull	5682
luthiano	5683
marcos	5684
EwS	5685
patthoyts	5686
Marshall	5687
toofani	5688
icez	5689
urglacier	5690
motty	5691
nanda	5692
ryutin	5693
philnyc	5694
x11	5695
nirmeshmit	5696
clf55	5697
sabetts	5698
Budgester	5699
matthewd	5700
nthiery	5701
cthomaz	5702
scs	5703
sausageboy	5704
brandon	5705
off	5706
mstyne	5707
iceman546	5708
revo	5709
arubin	5710
psionic	5711
Grecko	5712
lucio	5713
surripui	5714
peretto	5715
sysdebug	5716
Pirolla	5717
rlinux	5718
fsmunoz	5719
Carlo	5720
hunkim	5721
DeadRat	5722
Gecko	5723
DaSyonic	5724
eisenbud	5725
japc	5726
teenwolf	5727
Maxamilles	5728
larry2k	5729
eMMe	5730
silas	5731
bcl	5732
instructor	5733
nated	5734
robot	5735
megan	5736
lfaraone	5737
bwy	5738
mdchaney	5739
MarkLentczner	5740
EdCrypt	5741
altair	5742
chriszilla	5743
ada	5744
kentsin	5745
Maxious	5746
jmcmurry	5747
dmaster	5748
uzada	5749
Tommer	5750
cjw296	5751
ep	5752
Scar	5753
eloj	5754
Marjon	5755
davemayall	5756
andrewsj	5757
joeschmoe	5758
skagert	5759
DailyDumbShit	5760
talg	5761
NightOwl	5762
MUD	5763
benkar	5764
a	5765
fergal	5766
dump	5767
majcher	5768
pipe	5769
tomlen	5770
midal	5771
kwired	5772
prana	5773
raqueeb	5774
toonsy	5775
mtdew	5776
holsta	5777
Seri	5778
ppol	5779
aspinall	5780
nxc3	5781
flight2	5782
pilotlight	5783
jhulten	5784
ady	5785
carnie59	5786
skyhook	5787
dkg	5788
drodaho	5789
sabby	5790
taverner	5791
jqpdev	5792
wimpi	5793
Guybz	5794
HanDeng	5795
drazzib	5796
fjefdez	5797
coyotescreams	5798
mose	5799
darthgnu	5800
danandita	5801
MattInX	5802
sparkes	5803
redd	5804
nmb	5805
cycho	5806
Simonlaugsand	5807
arahwilde06	5808
stipe	5809
jeffx	5810
darco	5811
corkill	5812
clynbech	5813
szutshi	5814
ara00tman26	5815
Odracirredwolf	5816
pcsec	5817
1981	5818
chowells	5819
gwright	5820
cartman	5821
Teo	5822
ezpano	5823
DavidSitsky	5824
jmsaunders	5825
greenegypt12	5826
dreww	5827
synack	5828
shailesh369	5829
pweiskircher	5830
miaomix	5831
nunodonato	5832
aslak	5833
caedwa	5834
pierreben	5835
Sasha	5836
mohsen	5837
belmo	5838
dhuebner	5839
martinthompson	5840
auxesis	5841
flight	5842
willg	5843
nictamer	5844
jgoldsch	5845
jxde	5846
gezick	5847
epaulson	5848
xDroid	5849
mtm	5850
gorkem	5851
Rachie	5852
princess	5853
stephd	5854
exabyte	5855
keller	5856
gerg	5857
aXmedy	5858
prahe	5859
gproux	5860
mariano	5861
markom	5862
vivake	5863
dyfrgi	5864
AndrewDSmart	5865
sivang	5866
anormalu	5867
cwyang	5868
dojohnson2000	5869
cerb	5870
sajith	5871
Xero	5872
keemun	5873
csl	5874
krazo	5875
trovao	5876
flicker	5877
statio	5878
pcrosby	5879
jalal	5880
gerlofsma	5881
eugene	5882
seven	5883
moe	5884
vanterpool	5885
firedragon	5886
antagonizt	5887
collard	5888
CHRISSTARNS	5889
Diwann	5890
3222	5891
babarum	5892
Tadu	5893
frodo	5894
sydbarrett74	5895
pdr	5896
LinuxMaster	5897
werschi	5898
kimosabe	5899
pnis	5900
jimr	5901
davemc	5902
efugio	5903
DarthEvangelus	5904
justmahir	5905
ananda	5906
earlneath	5907
zypherh3t	5908
StuC	5909
jpraher	5910
early	5911
gschlossnagle	5912
cafuent	5913
zerodeux	5914
bse	5915
jdigital	5916
lion	5917
roberts	5918
gotcha	5919
hansw	5920
nyberg	5921
DrewLondon	5922
AgrOI	5923
markdavis	5924
kianseong	5925
PrinceOfChaos	5926
tab	5927
mdm42	5928
lizhijie	5929
camworld	5930
jrockway	5931
va511e	5932
kalpurush	5933
slamp	5934
codrea	5935
razor	5936
jnutting	5937
leighsmith	5938
sparge	5939
gypsumfantastic	5940
Illuvatar	5941
tlbdk	5942
billbob	5943
kalison	5944
lovelace	5945
dps29	5946
airlover	5947
grinderthesecond	5948
on3tr4ckm1nd	5949
rgeistlinger	5950
nayyar	5951
hughbrien	5952
jduncan	5953
slaine	5954
mwl	5955
lize	5956
aersoy	5957
reagle	5958
svan	5959
zhendong	5960
xgustavo	5961
flanth	5962
vivekvc	5963
feterno	5964
kscanne	5965
Goonie	5966
flynn	5967
robnator	5968
jsilva	5969
rurban	5970
Funklord	5971
updong	5972
mharun	5973
heyjude68	5974
Smirks	5975
arabuss06	5976
akamai	5977
savior	5978
wscott	5979
wangwr	5980
pblo	5981
alexander	5982
delirium	5983
aron	5984
nayyares	5985
stephenc	5986
kafine	5987
tendencies	5988
mingster	5989
jaredflo	5990
Joschi	5991
cyantist	5992
jp	5993
teeh	5994
rcj	5995
javier	5996
pamri	5997
tld	5998
navajo	5999
hasy111	6000
crf	6001
deadpunkguy	6002
rhkramer03	6003
rhkramer	6004
djexploit	6005
faye	6006
CodeMonkey	6007
ax	6008
nik123	6009
joshuaunderscore	6010
thoffmeyer	6011
maa	6012
Magnus	6013
bejooo	6014
syd	6015
Sk8r	6016
ayeq	6017
ajaywal	6018
goyette017	6019
deinol	6020
Segora	6021
glenn1you0	6022
ddh	6023
benjaminlee	6024
elijah	6025
Tophu	6026
armando	6027
elsharkco	6028
mhat	6029
starbritegirl	6030
dossy	6031
bdonlan	6032
nwp	6033
zhware	6034
cruzeta	6035
Anubis	6036
juha	6037
dvb	6038
eventide	6039
wardk	6040
Holloway	6041
marquee	6042
bluedraggon	6043
valkor	6044
carlox	6045
kbuytaert	6046
maym	6047
dscollins	6048
CentrX	6049
MildSeven	6050
SlightlyMadman	6051
filex	6052
aksaharan	6053
mateen	6054
ikt0me	6055
malander	6056
roytoo	6057
drzap	6058
lupusBE	6059
fix	6060
DoubleU	6061
BinaryJono	6062
elbustancoltd	6063
araccola16	6064
linergy	6065
opie	6066
jkluebs	6067
dsandrade	6068
shashi	6069
mrjoel	6070
MadBoy	6071
nrabe	6072
bobreyes	6073
dnk	6074
Shenrong	6075
ncunningham	6076
cgu	6077
zelphyr	6078
tiploo	6079
mrdoornbos	6080
ostampflee	6081
skillakorn	6082
kramarao	6083
ddevendra	6084
jguo	6085
Aragorn	6086
sera	6087
mobydobius	6088
dpmohne	6089
paulcarter	6090
TyCo	6091
technofrillco	6092
jcarlsson	6093
eviltypeguy	6094
systa	6095
meersan	6096
rwuest	6097
obscuro	6098
baschny	6099
Coldharbour	6100
compukid	6101
jeroen	6102
theverychap	6103
zitro	6104
marzaustralia	6105
sarynx	6106
ajn	6107
henner	6108
don	6109
Momch	6110
ankit	6111
noselasd	6112
chillywilly	6113
larsneo	6114
tgr	6115
phpforge	6116
ynhguard	6117
tan	6118
karawynn	6119
mish	6120
tkuehne	6121
Elkay	6122
Euan	6123
scaramanga	6124
gramslink	6125
edmundo	6126
phusnikn	6127
erpolllo	6128
crossland	6129
habfan	6130
XeF4	6131
vovin	6132
johndoe	6133
ingotee	6134
ithamar	6135
herlo	6136
int	6137
jdm	6138
jdandrews	6139
BillGlover	6140
mouns	6141
s2demand	6142
lihlii	6143
antiteror	6144
rip	6145
moranski	6146
GeuS	6147
Login	6148
andrea	6149
jtl	6150
Whitten	6151
abutre	6152
caderoux	6153
stripling	6154
francis	6155
hardwyrd	6156
egyptiancofor	6157
MacroHard	6158
systrace	6159
gps	6160
mat	6161
tirsen	6162
alexzing	6163
drwylde	6164
someidiot42	6165
rocapal	6166
penguinmeow	6167
ether	6168
jimn	6169
jop	6170
JunkMale	6171
utzig	6172
az001	6173
three30	6174
mayank	6175
sambau	6176
ronni	6177
dmolnar	6178
guillermo	6179
tal	6180
spiff	6181
andika	6182
drwat	6183
nash	6184
CodeWarrior	6185
gbraad	6186
gtk	6187
nirmal	6188
meckchan	6189
avallark	6190
udhay	6191
pierrebz	6192
mwa	6193
aaronwald	6194
YotamAviv	6195
fnesti	6196
Mfana	6197
madan	6198
elmar555	6199
jgaiser	6200
spirit	6201
Hairil	6202
bo	6203
malte	6204
chrisF	6205
Mudry	6206
syntaxis	6207
CrisR	6208
dearkeka	6209
ryjkavik	6210
Wastelander	6211
rgressler	6212
jmb	6213
unmadindu	6214
beast	6215
shad0w	6216
leojne	6217
tms	6218
tobiasquinn	6219
sdebnath	6220
berson	6221
dale	6222
rezso	6223
Aardappel	6224
ljagged	6225
path	6226
jasons	6227
ChristopherA	6228
guccio	6229
neeo	6230
SteamedPenguin	6231
ekj	6232
cyrelk	6233
checko	6234
araocktoday46	6235
jhammons	6236
dsk	6237
taybin	6238
Sphinx	6239
buda	6240
thinkhole	6241
aramin196	6242
JediProgrammer	6243
bypass	6244
mojega	6245
swain	6246
Lathi	6247
stevengj	6248
ZClark	6249
jrpascucci	6250
JN	6251
Mandrake	6252
arthurtyde	6253
richi	6254
fredness	6255
speeder2	6256
fredrick	6257
jmerelo	6258
AMIR	6259
tkk	6260
amatteson	6261
JonKatz	6262
evand	6263
zeeshanhayat	6264
royes	6265
ellis	6266
jedstr	6267
sammy	6268
cazort	6269
loveandpeace	6270
tk421	6271
writer	6272
bofouz	6273
firefly	6274
littleye	6275
tenglin	6276
erwan	6277
peterx	6278
starbucks	6279
abuthens	6280
thecrypto	6281
dgoel3	6282
lcs012	6283
cmlh	6284
silvs	6285
imsaguy	6286
JPV	6287
51lent	6288
tadasana	6289
zakame	6290
gliptak	6291
tublits	6292
mcmilk	6293
jace	6294
codemonk	6295
arianne	6296
anselmo	6297
adi	6298
mutende	6299
SamBennet	6300
Blancolioni	6301
Liv3wir3	6302
marcoli	6303
kurler	6304
editroid	6305
gismo	6306
JuanBernabo	6307
ungaro	6308
RareHeintz	6309
rootcode	6310
cbz	6311
bytes256	6312
bears	6313
patkarraj	6314
anmar	6315
echarpe	6316
jblnyc	6317
mhanlon	6318
djjeny	6319
siriwat	6320
ddiaz	6321
seb	6322
simonwittber	6323
zaustin	6324
magnon	6325
koronoi	6326
erpagnolo	6327
resedit	6328
theinternational45	6329
scintill	6330
tuesday	6331
sbalneav	6332
terryp	6333
phro	6334
mjd	6335
drysdam	6336
brunocornec	6337
bligneri	6338
pms	6339
geodaf	6340
wrc	6341
Smith	6342
muntyan	6343
blob	6344
derya	6345
Norgul	6346
osmaker	6347
response2001	6348
EarthTone	6349
yunosh	6350
ayman	6351
tongue	6352
jbourne	6353
herrawioffice	6354
delverdave	6355
adric	6356
luwei	6357
munroe	6358
looluo	6359
EmptyOne	6360
NetStaRt	6361
khedron	6362
dondelelcaro	6363
kfg	6364
tmattern	6365
viksit	6366
abid	6367
d	6368
sonSSJ4	6369
juman	6370
SgtPepper	6371
Clitheroe	6372
kirtikamanohar	6373
Charles	6374
grahamw	6375
tomerc	6376
rpragana	6377
rlowe	6378
chunsj	6379
lool	6380
zL	6381
ms	6382
sc	6383
BigZaphod	6384
sylviechen	6385
CuongHuyTo	6386
vbdogan	6387
rudyawkins	6388
amu	6389
axon	6390
weitech	6391
Drew	6392
thm	6393
macleo	6394
maco	6395
zlmdayspring	6396
Cyrius	6397
pt046438	6398
noorazeela	6399
MyJodoh	6400
Myke	6401
futaris	6402
northrup	6403
itianz	6404
jj50sa	6405
paulgiron	6406
dpiinc	6407
devusb	6408
jsmith	6409
orib	6410
gbauman	6411
jbalsama	6412
breeze	6413
af0001	6414
richardl	6415
dopeflish	6416
rajeevsharma	6417
kilobyte	6418
jayeshks	6419
cthulhubob	6420
spets	6421
MattPayne	6422
prj	6423
andfarm	6424
sRp	6425
BlckKnght	6426
damocles	6427
ara0bin26	6428
jdo	6429
gomeh	6430
nourantofort	6431
baitalmal	6432
mhamilton	6433
Jazz	6434
enveraltin	6435
rv	6436
zzone	6437
farkov	6438
4x	6439
Andreyvlru	6440
moylan	6441
mlf	6442
ccurtis	6443
ocampo	6444
iamthelukas	6445
guanix	6446
darkelder	6447
dbj	6448
Grinder	6449
Fruitwoot	6450
fmyhotboy19	6451
debipagetwo	6452
jleach	6453
lowlife	6454
tjhart	6455
rux	6456
jsl123	6457
rek2	6458
adolar	6459
kv2004	6460
Rakefighter	6461
hawk	6462
surfer	6463
bwarff	6464
lweston	6465
xzibit	6466
esh	6467
gogaxxx	6468
schmoo	6469
gewrgiou	6470
pombredanne	6471
netjackal	6472
jasonp	6473
patware	6474
lahous	6475
housel	6476
magnusjonsson	6477
vladimirliu	6478
floop	6479
KingMushroom	6480
rp	6481
Dunceor	6482
greystar	6483
amateen	6484
ressu	6485
roman	6486
spiderman	6487
alexvolkov	6488
Enthrad	6489
wet	6490
jesi	6491
scann	6492
olilo	6493
ibnmaja	6494
terminus	6495
dbrock	6496
sungminii	6497
kdkeck	6498
ferulisses	6499
mov	6500
n3m6	6501
mid	6502
basvk	6503
stormwave	6504
frealek	6505
JeffDay	6506
ravine	6507
syn	6508
dsb3	6509
licio	6510
ggdev	6511
fig	6512
Babamus	6513
bobo	6514
Didel	6515
data64	6516
lakeland	6517
msew	6518
AndyDvorak	6519
vmmenon	6520
johnhiler	6521
AccordionGuy	6522
enjoipandapoo	6523
mtaipe	6524
hulver	6525
asanders	6526
Aracnus	6527
billstewart	6528
tcg	6529
boerner	6530
barismetin	6531
baris	6532
obritim	6533
arabouma36	6534
MachX	6535
seahawk	6536
xchaix	6537
sktrdie	6538
KellyHo	6539
mike1086	6540
thelema	6541